ycsb_key,size
user2408371864701034737,1700
user5228908089637460490,1700
user8049444314573886243,1600
user4288574356201733490,1600
user1468038131265307737,1600
user7817899264014751554,1500
user1699583181824442426,1300
user4997363039078325801,1500
user2644821412497278990,1200
user5108340224729704523,1600
user8873773035044668275,1600
user1231930228763362049,2300
user3820921403140653113,2100
user6525917590482889145,1900
user4635659444355057900,1600
user8512069440321400374,1500
user4881823001484136080,1800
user7923848622352564030,2100
user9220858123197992685,1600
user1347470266357551770,1600
user8411147909297154144,1600
user1573987489603120213,1800
user8859154528474724784,1300
user7943494956236073767,1800
user8878800862358234521,1900
user4515091579447301933,1700
user5002390866391892047,1700
user1106334536542039836,1800
user276977988757691558,1800
user8652283639112666078,2100
user6973924209660459785,1900
user7596409868082749357,1700
user8184630686051585701,1400
user397545853665447525,1700
user2041640442664200590,1600
user6887621185206157046,1600
user6506271256599379408,2000
user3227796087934707205,1600
user4404237723872379893,1900
user8401433899964320217,1600
user874912816059361829,1600
user291938140621933614,1900
user880158958590769958,1600
user5344789772525948776,2000
user5460329810120138497,1800
user2885957142312790924,1800
user4283888174182465809,1600
user8748518988117644627,1900
user7813213081995483873,1700
user1116048545874873763,1900
user2292490181812546451,2100
user2513979577744548648,1500
user5802168755742054778,1500
user4866862849619894024,1600
user4278642031651057680,1400
user774209600252957482,1600
user4978058350489114629,1900
user4972812207957706500,1700
user663014099383736877,1700
user427124512099633072,2100
user6068196961972484578,1700
user2171580671610491919,2000
user6993788858761811405,1400
user1935472769108546231,1700
user9220639807980150802,1900
user8522343410166374749,1900
user2649725909734388554,1700
user4992116896546917672,1800
user3937144731323439964,1500
user2288022315011120653,1700
user8039170344728911868,1600
user2066532919079118456,1400
user9110564228135211093,1700
user1467819816047465854,1500
user2056040634016302198,1400
user1945965054171362489,2100
user8642911275074130716,1800
user2277530029948304395,1900
user991012814165691998,1500
user8416394051828562273,1600
user1101088394010631707,1300
user49900804999982667,1300
user2745182983009384772,2400
user5585365541829320262,2300
user6274507890822402836,1400
user6651731597922053241,2200
user2865750847917140739,1500
user2428236513802386357,1400
user8733340521035560688,1600
user3714753729584998754,1600
user4302974547553835098,1500
user4192898967708895389,1600
user6979170352191867914,1700
user1950091275678489722,2100
user9125182734705154584,1900
user175714812439146763,1700
user6762585453496975281,1400
user6636553130839969302,2000
user4997922999590466249,2100
user1940377266345655795,1900
user6988884361524701841,1700
user7577105179493538185,1900
user1693995393998735732,1700
user4530051731311543989,1500
user1468598091777448185,1900
user2413058046720302418,1300
user5716425691799892487,1200
user8999928687778130936,1700
user3222768260621140959,1500
user6752093168434159023,1700
user3941830913342707645,1600
user5575651532496486335,1600
user6505711296087238960,1600
user281664170776959239,1700
user4188212785689627708,1600
user1810437037399364466,1400
user7707045408439829514,1900
user8858594567962584336,2200
user884285180097897191,1600
user3575099491305873498,1900
user7354714177755096975,1700
user1211723934367711864,1500
user3328717618958953435,1700
user6188764826880240545,2200
user633995401461691778,1800
user3247660737036058825,1600
user8395627796920771640,1700
user8995242505758863255,1800
user6630965343014262608,1600
user7698233004913434600,1700
user8286453822882270944,1500
user5107438618923265510,1500
user5922176660137670297,2000
user3101640435201244544,1700
user4745735024199997609,1600
user2539432014671606962,2200
user5454523707076589920,1700
user7098618296075342985,1700
user994920720454977348,2100
user5113804682478954535,2100
user1604126108549446208,1300
user5340321905724522978,2400
user8641791354049849820,1800
user2291930221300406003,1700
user2981072570293488577,1700
user7445703384228667395,1600
user5112466446236831756,1100
user5700687264205668100,1800
user1810996997911504914,1600
user7331501582876600453,1800
user6650611676897772345,1600
user3575659451818013946,2000
user7585917583019933099,1900
user4545230198393627928,1400
user3590619603682256002,1400
user3579225712813000731,1600
user7818459224526892002,1600
user6163654035247480796,1500
user4393745438809563635,2000
user2638673664159431848,2400
user3222549945403299076,2300
user3002398785713419658,1700
user1462232028221759160,1500
user6994348819273951853,1500
user6987764440500420945,2100
user5817907183336279165,2400
user8385695472370095830,1600
user6989102676742543724,2200
user7340095671185153484,1500
user3238288372997523463,1600
user8170790455211624541,1600
user4414730008935196151,2500
user4856370564557077766,1900
user6753213089458439919,1600
user3679928928619405078,1800
user2283336132991852972,1600
user8752426894406929977,1700
user5812661040804871036,1700
user6621033018463586798,1700
user8532275734717050559,1500
user738824838775223358,1700
user4032260159304137617,2200
user2769515498912162190,1900
user1240742632289756963,1700
user5791676470679238520,1700
user6636211485545670737,2100
user6059384558446089664,1800
user6510179162888664758,1800
user7098399980857501102,1500
user4871549031639161705,2000
user8290798359607240060,1800
user7702577541638403716,1900
user1814003298394351251,2200
user6526135905700731028,2000
user4068204881294012189,2200
user7681592971512771200,2000
user7340873946915135815,2000
user532513909925305100,2400
user1715321609418666813,2600
user8974476250851072622,1900
user9084551830696012331,1900
user8386255432882236278,1900
user7798034614913399934,1400
user1799384791824407760,1700
user7119384550983133618,1600
user4740488881668589480,1400
user5576211493008626783,1500
user8884047004889642650,1900
user1592513902462349054,2300
user1482438322617409345,1800
user3927990682502746485,1700
user34722337917898728,1700
user6304646509768728831,1300
user1004293084493512710,1600
user4865742928595613128,1800
user7708383644681952293,1800
user6982736613186854699,2000
user5229468050149600938,1500
user7797256339183417603,2200
user5591389960090710722,1800
user3453411705373836635,1400
user2865190887405000291,1800
user6877688860655481236,1900
user4760695176064239665,1800
user1231370268251221601,1900
user7818240909309050119,1600
user2407811904188894289,1600
user5134010976874604720,1400
user1114928624850592867,1700
user5722231794843441064,1700
user2981632530805629025,2200
user2192906887030423000,2000
user8054130496593153924,2000
user649733829055916165,1800
user2629301300120896486,1400
user3957569340936932032,1400
user3252906879567466954,1500
user5450957446081603135,1700
user2157522125552688876,1500
user7134563018065217557,1600
user7585357622507792651,2300
user1569301307583852532,2200
user5686847033365706940,1900
user5098626215396870596,2100
user4193458928221035837,1900
user628749258930283649,1600
user9093924194734547693,1900
user4068423196511854072,1800
user7356612374509360202,1700
user1599999887042318975,2000
user9214492059642303660,1700
user4860838431358503564,2100
user2628523024390914155,1800
user752883384833026401,1700
user2897009387887747630,2000
user6032252239982610006,2400
user979400608078594844,1800
user2650845830758669450,1700
user3947855331604098105,1800
user1715539924636508696,1800
user4513753343205179154,1600
user1099968472986350811,1400
user7208693875920282694,1800
user6185198565885253760,1500
user5343109890989527432,2000
user2997930918911993860,1600
user7435211099165851137,2100
user5810762844050607809,1800
user757911212146592647,2500
user3118498783819749827,1600
user1934352848084265335,1700
user8658649702668355103,1600
user6426334295700765694,1500
user8397867638969333432,1800
user1146965440551182089,2300
user8993002663710301463,1600
user7782296187319175547,1200
user4902807571609768596,1600
user3231362348929693990,1700
user1026397575643426122,1700
user4407803984867366678,2000
user531393988901024204,2500
user2633427521628023719,1900
user8181282740274440799,2000
user6389051337468768343,1800
user5333395881656693505,1400
user2859726429655750279,2100
user4531171652335824885,2100
user1016683566310592195,1700
user5481314380245771013,1600
user8616338917122791506,1600
user4282549937940343030,1700
user406139941974000556,2000
user2077585164654075162,1900
user9209805877623035979,1800
user4772307382151336819,2300
user275298107221270214,1600
user5948749018089009507,1900
user1117386782116996542,1800
user2734130737434428066,1500
user59054853820676146,2100
user6610540733400770540,2300
user1582581577911673244,1700
user1122632924648404671,2100
user5087014009309773442,1800
user3930218707255610491,1800
user795194170378589998,1900
user288030234332648264,1900
user6436266620251441504,2000
user6957625821554094950,1800
user6522569644705744243,1500
user8139313600023175767,1500
user2411938125696021522,1300
user1594753744510910846,2200
user3689642937952239005,1900
user7334507883359446790,2000
user6295492460948035352,2200
user2776659838197833546,1600
user6856362645235550155,1500
user1336759666076893629,1700
user758129527364434530,1500
user3100520514176963648,1500
user279984289240537895,2000
user280885895046976908,2000
user2897227703105589513,1900
user6532501969256420053,1800
user3958129301449072480,2000
user6778665526385498233,2000
user7339535710673013036,1700
user5119050825010362664,1500
user3947637016386256222,1300
user1600218202260160858,1600
user5124078652323928910,1600
user1122072964136264223,2100
user423776566322488170,2000
user1939598990615673464,1700
user1378728806328158661,1800
user6264015605759586578,2100
user5936576851489771905,2500
user4179618697381074677,1900
user413284281259671912,2300
user5337863748458119303,1700
user3003177061443401989,1700
user3583693579614426529,1600
user2879031118244961451,2100
user6084495350078849413,1500
user7821807170304036904,2100
user536640131432432333,1700
user3900640048821424944,1500
user2992684776380585731,1700
user7429964956634443008,2100
user4048558547410502452,2200
user3243752830746773475,1600
user3480544023837316293,1600
user7703137502150544164,1600
user1929884981282839537,1500
user6263237330029604247,1400
user2753995386535779686,1300
user7351707877272250638,1800
user197600988371218292,1200
user2304102387899643605,1600
user1374042624308890980,2200
user4036386380811264850,1900
user1599439926530178527,1600
user8862502474251869686,1800
user6157287971691791771,2400
user1814344943688649816,1600
user8538641798272739584,2800
user9094484155246688141,1600
user3596084061431506014,2100
user9214833704936602225,2000
user8760131194204741781,1400
user669380162939425902,1400
user757351251634452199,1900
user4378225326433181131,2000
user3814896984879262653,2000
user1021711393624158441,1900
user1595532020240893177,1600
user2198153029561831129,1600
user4730556557117913670,1500
user4867982770644174920,1400
user2669932204130038739,1600
user9189941228521684359,2000
user2884837221288510028,1700
user8658089742156214655,2200
user3110234523509797575,2100
user679872448002242160,1700
user6163312389953182231,1900
user1121854648918422340,1400
user4426000569727994740,1800
user8186870528100147493,2000
user2902473845636997642,1500
user1231028622956923036,1500
user7339754025890854919,1900
user5833987256224802117,1900
user621823234862454176,1700
user1116826821604856094,1300
user3249558933790322052,1700
user2078145125166215610,1700
user2979734334051365798,1700
user7906990273734058747,2200
user8749078948629785075,1600
user3696227316725769913,1900
user9136794940792251738,1800
user2753217110805797355,2100
user1456207609960368700,2000
user4377665365921040683,1400
user2907501672950563888,1600
user6282542018618815419,1800
user3241854633992510248,1700
user4604182589166609126,2000
user8294706265896525410,1500
user7458983654556488107,1600
user4263463564568973741,1600
user7338415789648732140,2100
user6777545605361217337,1900
user5780624225104281814,1700
user8043856526748179549,1700
user197819303589060175,1800
user6526477550995029593,1800
user4030921923062014838,2300
user154511927095672364,2100
user2502149056439609611,1700
user7823705367058300131,2000
user7082319907968978150,1600
user5905878272031305462,2100
user8885945201643905877,2000
user6993010583031829074,1800
user1253474759401135013,1700
user5135130897898885616,1500
user7207915600190300363,1900
user6862168748279098732,1800
user4514531618935161485,1600
user8037272147974648641,1700
user6645925494878504664,1600
user4180178657893215125,1300
user6747966946927031790,1600
user3116600587065486600,1800
user3332843840466080668,1200
user8880699059112497748,1900
user4861616707088485895,1400
user2329213179532403354,1600
user1020591472599877545,2000
user525587885857475627,1600
user8491644830707908306,1700
user7781736226807035099,2500
user298522519395464522,1900
user6425774335188625246,1500
user1332291799275467831,1700
user8276739813549437017,1700
user1552442958965347249,1600
user2979952649269207681,1700
user8731100678986998896,1500
user1940937226857796243,1500
user775889481789378826,1900
user7087907695794684844,1600
user7225333909320946094,1300
user1677478690674529014,1200
user4156394285206880369,2100
user7834539297415414954,1400
user8539201758784880032,1600
user1725813894481483071,1400
user3123744926351157956,1300
user8873554719826826392,1400
user8175258322013050339,1500
user4251851358481876587,1500
user3684615110638672759,2200
user4508507200673771025,1700
user71227020419913748,1900
user5684948836611443713,2000
user1247668656357586436,1800
user6043864446069707160,2200
user7608022074169846511,1300
user4776993564170604500,2000
user7082879868481118598,1800
user5117712588768239885,1800
user4413050127398774807,1200
user2036394300132792461,1600
user722526450668858523,2200
user859952664195119773,2400
user6270381669315275603,2400
user6425214374676484798,1300
user9101410179314517614,1300
user8509611283054996699,1700
user7924968543376844926,2000
user7082101592751136267,1600
user7208133915408142246,1900
user8258543228688808955,1900
user3463903990436652893,2100
user7130655111775932207,1400
user406358257191842439,1700
user8610874459373541494,2200
user3248998973278181604,2000
user5816787262311998269,1600
user2633209206410181836,1600
user9089238012715280012,1900
user1241862553314037859,2000
user280325934534836460,1600
user4161982073032587063,1300
user417752148061097710,1300
user7560465146092874785,1400
user3953661434647646682,1600
user2382919427773976423,2000
user8867748616783277815,2600
user5697339318428523198,1800
user1026957536155566570,1700
user2752657150293656907,2000
user4950707716807793088,1900
user4066524999757590845,1400
user2168014410615505134,1700
user6986644519476140049,2200
user2030588197089243884,1600
user7441017202209399714,1600
user5595297866379996072,1600
user6845652044954892014,1900
user1325147459989796475,2400
user5789778273924975293,1500
user5371798760912971752,1900
user8957399587014725456,1500
user3848272036821974654,1900
user4970012405397004260,1600
user2315154633474600311,1300
user8846422401363346734,1800
user4025115820018466261,1200
user5196529628642572703,1900
user2088637410229031868,2400
user7951199256033885571,1400
user2028348355040682092,1400
user2154504007774144753,1700
user4783577942944135408,1800
user3084782086582739261,1700
user4140655857612655982,1700
user3018915489037626376,1900
user7775930123763486522,1500
user7121842708249537293,1400
user424896487346769066,1700
user77811399193444656,2400
user6151481868648243194,1400
user5029741500073213588,1700
user2777779759222114442,2100
user2516207602497412654,1500
user2481942762043959426,1700
user338593462892466327,1700
user3778952262889388081,1600
user1862120186983463425,1900
user5423046851888141146,2000
user3572081373527329375,1800
user5270877229888725522,2100
user4316266635177353596,1700
user4256319225283302385,1500
user8720950039218481203,1400
user741831139258069695,1600
user3496500766649382563,1900
user675746226495114927,1500
user4960080080846328450,2100
user8836490076812670924,1500
user7665294583406406365,2000
user6855584369505567824,2000
user7257370725021535316,1800
user3255365036833870629,1400
user6503253138820835285,2000
user3547748857624551957,1600
user7096720099321079758,2200
user3803284778792165499,1400
user8655301756891210201,1900
user8067080938922373857,1900
user7237724391138025579,1600
user4451453006655053054,1700
user1008431123296337729,2000
user5974979730746050152,1500
user1777840261186634796,1700
user4483054763746712711,2200
user7609360310411969290,1900
user1445933640115394325,1400
user1787554270519468723,1700
user6619353136927165454,1300
user5814889065557735042,1200
user5965265721413216225,1500
user6025667861209079098,1700
user2425448528537381903,1300
user1837227710568545559,1900
user8202608955694371880,1700
user1913586593176474702,1900
user8610532814079242929,1600
user4778331800412727279,1400
user1325365775207638358,1600
user5437447043240242754,2100
user7800822600178404388,1400
user7825385248594721475,2000
user5538368574264488984,1600
user7247656715688701389,1700
user6835378075109917639,1900
user8856696371208321109,1600
user3446267366088165279,1600
user5775378082572873685,1700
user1509788956298730886,1300
user8117769069385402803,1700
user2541890171938010637,1800
user212779455453302231,1700
user801000273422138575,2000
user7563813091870019687,2200
user8152033909838856031,1500
user3597763942967927358,1700
user5960361224176106661,1600
user3255146721616028746,2000
user2968900403694250975,2100
user7725023678082615693,1500
user7840563715676805414,1800
user5145841498179543757,1800
user7665076268188564482,2100
user8302752210988635779,2000
user5075401803222676288,1800
user1017803487334873091,2300
user7960913265366719498,1300
user6653629794676316468,1700
user6382685273913079318,1900
user3134797171926114662,2200
user2677418188710008660,1800
user9006513066551661844,1700
user2733010816410147170,2300
user369635259471985536,1800
user3687963056415817661,1600
user1032203678686974699,2600
user7030853501775966873,1700
user1310187308125554419,2400
user2722518531347330912,1600
user1335079784540472285,1700
user1320679593188370677,1600
user4300746522800971092,1600
user3663070580000899795,1500
user4677970229900621497,1700
user4336131284278705216,1600
user1662518538810286958,1500
user2757903292825065036,1600
user3779512223401528529,1600
user1134245130735501825,2200
user6090301453122397990,2200
user5005408984170436170,2100
user3915040240173526552,1900
user1369356442289623299,1700
user2859166469143609831,1600
user3381520689567333290,1600
user7423380577860912100,1500
user6026787782233359994,1600
user7791450236139869026,2100
user802120194446419471,1600
user1610492172105135233,1500
user8896997447218862583,2000
user429022708853896299,1800
user742391099770210143,1600
user5212049741018955207,1800
user1335639745052612733,1500
user655539932099464742,1500
user6176044517064560281,2500
user5901192090012037781,2000
user2733570776922287618,2100
user3155003466321764847,2000
user1309627347613413971,1300
user4551596261949316953,1900
user8821311609730586985,1800
user7111350423186721035,1900
user8233090791761750641,1700
user173816615684883536,1300
user947923752890146070,1900
user7211481861185287148,1800
user1697343339775880634,2300
user9123514670464431026,1800
user4858598589309941772,2700
user4442298957834359575,2300
user8418073933364983617,1400
user1786994310007328275,1400
user3799376872502880149,2000
user1094162369942802234,1400
user6845092084442751566,1900
user8191775025337257057,1900
user6653411479458474585,1500
user7598308064837012584,1900
user4014281889661351438,1500
user8609754538349260598,2000
user5322903596593877247,2100
user505941551973965890,1700
user3551656763913837307,2100
user1258720901932543142,1600
user891989479895708995,1600
user6552708263652070238,1600
user7836437494169678181,1800
user8630739108474893114,1900
user4166108294539714296,1500
user1494610489216646947,1700
user8257423307664528059,1600
user8243023116312426451,1700
user3259272943123155979,2100
user3130670950418987429,2100
user2542450132450151085,2100
user7007080946385329903,1800
user4440960721592236796,1600
user3632588743933521034,1700
user5029181539561073140,1500
user3537256572561735699,1700
user2323967037000995225,1600
user5487120483289319590,2200
user6960973767331239852,2100
user5074841842710535840,1800
user5008975245165422955,1500
user1687970975737345272,2000
user2677076543415710095,1600
user8015945932554717560,1900
user8087505548535865925,1800
user802338509664261354,1700
user7654242337831449659,1600
user7791668551357710909,2400
user506501512486106338,1500
user2551044220758704116,1800
user9132887034502966388,1700
user3381739004785175173,1900
user2793518186816338829,2100
user3336191786243225570,2200
user3085902007607020157,1600
user3814337024367122205,2400
user4089189451419644705,2500
user5889579883924940627,1600
user4265131628809697299,1600
user6027006097451201877,1800
user5438785279482365533,2200
user7734956002633291503,1800
user1345012109091148095,1700
user4065416896029007735,1500
user9108324386086649301,1900
user278646052998415116,1400
user5963927485171093446,1700
user6552148303139929790,1300
user866866870967251460,1600
user1279145511546035210,2200
user4994356738595479464,2600
user4151489787969770805,1700
user3551875079131679190,2500
user4778673445707025844,2000
user3611822489025730401,1300
user5904758351007024566,1900
user858054467440856546,2200
user6152041829160383642,1900
user5838673438244069798,1500
user6426894256212906142,2000
user7824825288082581027,1300
user3623216379894985672,1500
user6504373059845116181,2100
user6779225486897638681,1900
user1198991807256333814,2200
user7197641630345325988,2000
user7564373052382160135,2000
user4883721198238399307,1700
user7314083273745954722,2300
user5447379367790918564,1700
user3154443505809624399,1700
user7374030683640005933,1900
user198939224613341071,1500
user2766727513647157736,1800
user801560233934279023,1900
user96897772564813945,2100
user5764325836997916979,2200
user5176105019029080635,1800
user1861560226471322977,1600
user1449281585892539227,1400
user2668264139889315181,1800
user7941266931483209761,1400
user1939039030103533016,1800
user7800262639666263940,1700
user1506782655815884549,1500
user3244094476041072040,1700
user7736075923657572399,1900
user8709897793643524497,1900
user7588157425068494891,2100
user6328089237160765022,2100
user9121274828415869234,1800
user3799936833015020597,1700
user7676346828981363071,1300
user6004901606301288465,2100
user8015727617336875677,2400
user6152820104890365973,1900
user2744063061985103876,1900
user5436327122215961858,1500
user177394693975568107,1400
user2378781388971151404,1200
user5725249912621985187,1500
user3145849417501071368,1600
user1346132030115428991,2200
user4201723188530988089,1900
user5903980075277042235,1500
user4494107009321669417,1600
user2756795189096481926,1800
user8304650407742899006,1600
user2856926627095048039,2400
user7348908074711548398,2000
user1559917126249619384,2100
user7789210394091307234,1200
user6165552232001744023,2800
user8769503558243277143,1800
user5976317966988172931,1700
user4679090150924902393,2600
user3007644928244827787,2100
user918220192552749640,1700
user5652912020910854491,1400
user7824606972864739144,1500
user2326206879049557017,1500
user7735734278363273834,2100
user2392291791812511785,2100
user677084462737237706,1700
user2165556253349101459,1700
user4833146152382883458,1400
user8709556148349225932,1600
user5311073075288938210,1900
user1484118204153830689,1600
user1434663079322595736,1500
user3322351555403264410,1400
user3234380466708238113,1700
user4405575960114502672,1900
user5675234827278609786,1500
user6189884747904521441,2000
user4518439525224446835,1700
user4226055704433765507,1600
user3054860211027500948,1500
user349645708467423033,1900
user7371572526373602258,1600
user969468283527919034,1900
user3495162530407259784,2000
user6381565352888798422,1600
user4757907190799235211,1500
user1072399524087187387,1600
user1484678164665971137,1900
user1269991462725341731,1800
user1132565249199080481,1800
user4679650111437042841,1700
user730778893683112989,2200
user6278634112329530069,1600
user9033303739720842937,1600
user5778166067837878139,1400
user3507334697006497386,2100
user3435775081025349021,1600
user4767839515349911021,2300
user9061327418521818023,2400
user7736294238875414282,1800
user6768173241322681975,1600
user1154451425131152010,1600
user1220318022676264895,2100
user5712299470292765254,1700
user7413106608015937725,1600
user127939569144333154,1500
user2665246022110771058,1800
user265365782670594404,2100
user5813221001317011484,1600
user8543327980292007265,1900
user8680754193818268515,1800
user312362750235425682,1900
user2414956243474565645,1600
user8870766734561821938,1900
user2844766277791508223,2300
user4577826974606357598,1600
user7371012565861461810,1800
user5049731051077776091,1300
user8018185774603279352,2100
user4880703080459855184,1600
user7952319177058166467,1500
user2743503101472963428,2200
user8291358320119380508,1500
user49682489782140784,1300
user8153932106593119258,1600
user7653682377319309211,1600
user4541663937398641143,1200
user539439933993134573,1800
user2303200782093204592,1700
user7890473570409852029,1800
user8440178424514897029,2000
user4392625517785282739,1600
user8143439821530303000,2300
user4892875247059092786,1800
user3497620687673663459,2200
user6153380065402506421,1700
user802898470176401802,2000
user3095834332157695967,1700
user8555718462109086750,1700
user8960965848009712241,1900
user6805456199554679326,1700
user3913360358637105208,1700
user5790556549654957624,1700
user4315146714153072700,1900
user1747358425119256035,2000
user4540544016374360247,1900
user6643137509613500210,1700
user4780011681949148623,2100
user8619126902387795960,2300
user6463617253932763045,1800
user3790004508464344787,1500
user5903420114764901787,1600
user947363792378005622,1500
user6632645224550683952,1900
user3610484252783607622,1700
user6815948484617495584,2500
user5586485462853601158,1600
user5861337889906123658,1700
user1710075466887258684,1500
user379349268804819463,1600
user3837779751759158396,1600
user4051564847893348789,1700
user367955377935564192,1600
user6190663023634503772,1900
user7587255819262055878,2600
user594472601181132635,1700
user7813773042507624321,1700
user7538920615455101821,2000
user654201695857341963,1400
user3222208300109000511,1900
user8770063518755417591,1600
user5247104674498088552,2000
user2666365943135051954,1900
user2326985154779539348,1500
user1436561276076858963,2000
user5848605762794745608,2000
user4452012967167193502,2100
user6076461222282436830,2000
user4130163572549839724,2200
user2653633816023673904,2200
user3950095173652659897,1900
user6709564067670753543,1600
user6643697470125640658,1600
user6368845043073118158,1500
user6302978445528005273,1600
user7246878439958719058,1600
user8918323662638793664,1500
user6213109160078715749,1700
user390401514379776169,1800
user8279746114032283354,1700
user1017585172117031208,1700
user946243871353724726,1700
user2804570432391295535,2200
user4822653867320067200,1900
user6404789765062992730,1800
user856934546416575650,1800
user3699575262502914815,1700
user8016287577849016125,1700
user9121834788928009682,1600
user1495948725458769726,2100
user3759522672396966026,1700
user3484670245344443526,1900
user3371806680234499363,2400
user5939594969268316028,1700
user1573427529090979765,1800
user1131786973469098150,1300
user5174985098004799739,2100
user8017625814091138904,2000
user4881263040971995632,1700
user8190436789095134278,1800
user5210369859482533863,2000
user5335635723705255297,2100
user5837553517219788902,1900
user4803784237339785593,1700
user3311859270340448152,1500
user6017073772900526067,2100
user8566552392466201573,1700
user8417732288070685052,1600
user4618582780518710734,1300
user5497612768352135848,1500
user4947907914247090848,1700
user2677978149222149108,2100
user5174425137492659291,2800
user1561037047273900280,2000
user2314034712450319415,1500
user3574539530793733050,1700
user3508672933248620165,2100
user7802160836420527167,1500
user379567584022661346,2200
user451127200003809711,1700
user5789996589142817176,1500
user6541656018077113532,1600
user6129377377498329782,1700
user6816508445129636032,1700
user4554054419215720628,1900
user4416628205689459378,1600
user2821541865617313915,2300
user1359082472444648924,1300
user3913920319149245656,1600
user880937234320752289,2100
user4804344197851926041,1900
user3962255522956199713,1300
user6858602487284111947,1500
user5974419770233909704,2200
user563990765113753874,1400
user6177712581305283839,1900
user6040286367779022589,1300
user1609372251080854337,1600
user1166063631218249164,1300
user3663630540513040243,1800
user3801056754039301493,1700
user9097832101023833043,1500
user3549976882377415963,1500
user4200944912801005758,2000
user1072057878792888822,1500
user6894765524491828402,2100
user8846764046657645299,1500
user8972796369314651278,2000
user6356454561256038673,1700
user3651240058695960758,1500
user6064070740465357345,1300
user3358856237905279430,1900
user928494162397724015,2400
user4619361056248693065,1700
user2188998980741137650,1200
user4756787269774954315,1900
user1836667750056405111,1600
user8494432815972912760,2000
user6972244328124038441,2200
user4696839859880903104,1800
user7927196568129708932,1700
user223831701028258937,1500
user8279527798814441471,1600
user5574313296254363556,1600
user3006525007220546891,1400
user5109118500459686854,2000
user3108566459269074017,1500
user5813780961829151932,1900
user2696287818690290267,2600
user1812105101640088024,1800
user5461449731144419393,1200
user2481382801531818978,2200
user7712291550971237643,1900
user2439288759377343063,1900
user2342505267155921852,2100
user6350648458212490096,1400
user2242693411687012933,1900
user4475008818654602342,1400
user2810158220217002229,1700
user2710346364748093310,1400
user6218915263122264326,1400
user5415342552090329342,1600
user3171861814940270130,1900
user6064289055683199228,1300
user7989715219897676915,1800
user704548181026072344,1500
user1749256621873519262,1500
user3046266122718947917,1400
user8115310912118999128,1400
user1869824486781275229,2100
user6692705719052248260,1500
user2236555908818109376,1700
user592461319819356311,1900
user6233533769692207817,1800
user8457368172958757292,1700
user6112965904784451850,1600
user6701186722753288194,2300
user3631033764300310573,1900
user5263963023116593835,1400
user211111391212578673,1500
user8706984906475309160,1700
user6572137854144492293,1800
user8205067112960775555,1800
user5765880816631127440,1700
user9174637859536389537,1600
user5162699846798049040,1900
user246827552515667777,1800
user7637725634507242941,2000
user115094357425442007,2100
user7400043081079204695,1900
user456933303047358288,2600
user2352437591706597662,2000
user1765108134075256746,1500
user7295886688885326660,1800
user6098005752920209794,1800
user5420028734109597023,1700
user4097453711729596957,1800
user2005352503553273252,2000
user699861999006804663,1600
user2332791257823087925,1600
user1523972404259744812,1800
user7993510041579449168,1600
user7517376084817328857,1900
user1411885543053028779,1300
user608312832021093795,1700
user8954599784454023216,2000
user6249385281893945301,2100
user7646424953426124758,1500
user4352989632897210499,1500
user6209201253789430399,1600
user8361132823953778743,1800
user3399830359035474449,2900
user3313527334581171710,2000
user4003011328868552849,1700
user5415560867308171225,1300
user8456476812621261864,1700
user5278363214468695443,1700
user7169057991032210454,1600
user6580837173063374110,1400
user8824317910213433322,1500
user7280035176683589176,1800
user3052185310370009591,1700
user955957880686558653,1600
user1276357526281030756,1800
user4711800011745145160,1600
user1533686413592578739,1700
user8219467304312877163,1500
user4700634681562675357,1500
user2468319274595085948,1700
user1513367034589415457,1600
user5771800004282189114,1800
user5661724424437249405,1700
user1287522856463500559,1900
user6697951861583656389,1800
user5997644182408104012,2200
user9040342848396185507,1900
user3048059088862882358,1700
user3192399509161275295,2400
user1283396634956373326,1800
user914653931557762855,1700
user216357533743986802,1900
user3518605257799295975,2100
user7175318823977570693,1900
user588448182919742175,1600
user7977989929203066664,1400
user5997975582233458992,2100
user4695948499543407676,1600
user4821533946295786304,2100
user4480596606480309036,1500
user1187161285951394777,1600
user6565658705981290171,1400
user8225273407356425740,1700
user3997423541042846155,1700
user2814844402236269910,1800
user3036333798168272107,1700
user6696500540734020513,1800
user3775934145110843958,2200
user7985029037878409234,2100
user7520610945986960662,2300
user8598142332262163444,1300
user1669432745582418645,1400
user7044476989224840351,1500
user5188265368332620451,1600
user7386315934846756632,1300
user9180443962579938114,1400
user2845874381520091333,1600
user6139309702049005592,1600
user3976885846821840990,1500
user2609984794235987528,1400
user7178772000365044381,2200
user8708996187837085484,1800
user6944333733930576452,1700
user708674402533199577,1500
user1287304541245658676,1600
user467767233404473111,1900
user4233200043719436863,2400
user8582290820060425960,1800
user6938196231061672895,1600
user2237228953937762921,1700
user8923009844658061345,1700
user8099790799742616624,1600
user8714024015150651730,1700
user120682145251148701,1700
user4348976495997596363,1600
user461401169848784086,1200
user493551070156886405,1700
user7778718109028490976,1600
user4218581537149493372,1900
user482385739974416602,1900
user4238227871033003109,2300
user4826448689001839453,2300
user8567443752803697001,1500
user2106833995089659930,1200
user54368671801408465,1400
user5983243991056002404,1500
user2921572036304064717,1300
user8782795645866795641,1300
user5996524261383823116,1900
user487185006601197380,1600
user5621540396332734503,1700
user8903363510774551608,1400
user2247048193880925634,1700
user3262291060901700102,1700
user4480814921698150919,2500
user1187379601169236660,2100
user5872161574794294896,2200
user819309942890279734,1800
user3760860908639088805,1700
user8808921127913507500,2100
user7642070171232212057,1100
user1418924651728371349,1700
user7301132831416734789,1800
user8571238574485469254,1900
user356684817142765603,1300
user4694828578519126780,1600
user814510676263498956,1700
user4932056402045353364,1900
user4107499120887785864,1800
user2931057484950113176,1800
user6460829268667758591,1500
user8224153486332144844,1500
user7415781508673429082,1400
user5169738955473391610,1500
user7113018487427444593,1900
user8592223144611101770,1500
user798772248669274569,1600
user8110843045317573330,2300
user1034661835953378374,1400
user2106947079697173027,1700
user3754276529865557897,1900
user971136347768642592,1500
user7635932668363308500,1500
user8810259364155630279,1800
user6612208797641494098,2100
user4715366272740131945,2400
user5148754385347759094,1600
user4479476685456028140,1500
user3671104707797312378,1700
user1774262182895950225,2700
user8460043073616248649,1800
user6105044861595552364,2300
user7048490126124454487,2100
user6713471973960038893,1800
user5047491209029214299,2000
user3283057315809490735,1500
user2468090713908300480,1600
user8813152580030963519,1300
user8114856182217187466,1400
user9187483071255280684,1400
user4948809520053529861,2000
user5746016167529775820,2000
user4453132888191474398,2000
user1166281946436091047,2200
user8687120257373957540,2100
user8577044677529017831,2400
user3067705422746392095,1600
user8093871612091554950,1800
user246496152690312797,2100
user6107719762253043721,1500
user1296676905284194038,2100
user3877415636647230636,1700
user7872382216159552753,1700
user2473118541221866726,1400
user7893366786285185269,1600
user3993857280047859370,1700
user2328105075803820244,1500
user7633257767705817143,1500
user5304147051221108737,1700
user6128704332378676237,1700
user7178885084972557478,2500
user4689800751205560534,2000
user7268982931108632470,2100
user7355274138267237423,1700
user7822927091328317800,1900
user7687180759338477894,2300
user3042139901211820684,1900
user6179610778059547066,2200
user3095274371645555519,2500
user5372918681937252648,1800
user8635985251006301243,2200
user5565159247433670077,1500
user1144737415798318083,2200
user6178832502329564735,2200
user7258149000751517647,2200
user6143447740851830611,2100
user5463117795385142951,2000
user1032981954416957030,1900
user8269813789481607544,1900
user7611600152460531082,1600
user6174706280822437502,1600
user6880147017921884911,1900
user8406680042495728346,2100
user1413336863902664655,2100
user275079792003428331,1700
user8282545916592985594,1700
user7415894593280942179,1600
user1096402211991364026,1700
user2996810997887712964,1700
user7554099082537185760,1600
user7609701955706267855,2400
user8504925101035729018,2300
user5918050438630543064,2000
user3722458029382810558,1600
user4229186906819822727,1800
user1901974387089377548,2000
user2518447444545974446,1700
user5333955842168833953,1600
user3457319611663121985,2200
user4894773443813356013,1800
user174936536709164432,1800
user514535640282518921,2200
user2991346540138462952,1600
user7170072681446162564,2100
user7575425297957116841,1800
user2027570079310699761,1300
user8510731204079277595,1700
user4556282443968584634,1900
user5662844345461530301,1700
user501815330466838657,1600
user754003305857307297,1700
user3689861253170080888,2100
user4997144723860483918,2100
user6174364635528138937,2100
user416632227036816814,1400
user1257600980908262246,1600
user8018745735115419800,2100
user2312914791426038519,1800
user8819071767682025193,1500
user9150978388753265664,2700
user6390389573710891122,1800
user906607986465652486,2000
user3523633085112862221,2200
user2164436332324820563,2300
user8341268174852427123,1500
user5321565360351754468,1500
user1342224123826143641,1900
user291596495327635049,1500
user4283109898452483478,2100
user1121513003624123775,1400
user2228634865629209890,1700
user5428292994419549275,1400
user8302192250476495331,1500
user1709733821592960119,1500
user4293820498733141619,2200
user7725583638594756141,2400
user3464245635730951458,2200
user2302422506363222261,1600
user7108332305408176912,2000
user8428006257915659427,1900
user7677466750005643967,1700
user3283275631027332618,2100
user5913912399827718045,1600
user7835317573145397285,2300
user950151777643010076,1900
user5042691942402433521,2100
user598267422862904888,2100
user4444538799882921367,1600
user3134578856708272779,2100
user2470330555956862272,1800
user6158407892716072667,2300
user7004281143824627663,1500
user8788601748910344218,1600
user3789444547952204339,1400
user4578386935118498046,1900
user650293789568056613,1900
user2764829316892894509,2000
user9061109103303976140,1800
user1111580679073447965,1600
user5650672178862292699,1800
user7104206083901049679,2000
user3942609189072689976,2100
user9111124188647351541,1600
user3820143127410670782,2200
user1324587499477656027,1500
user3127652832640443306,1700
user290258259085512270,1700
user1519286222240477131,2500
user7301351146634576672,1900
user7738087205019348723,2200
user128499529656473602,1500
user7742100341918962859,1500
user2014289808982879049,1600
user53808711289268017,2500
user3379280847518771498,1600
user3106668262514810790,1300
user5428852954931689723,2600
user4520337721978710062,1400
user6291926199953048567,1800
user8970898172560388051,2200
user7710063526218373637,1500
user2950590734226109816,2000
user7508998739899863508,2400
user5811882765074888705,1900
user279206013510555564,1500
user1367116600241061507,1700
user6289686357904486775,1600
user3975547610579718211,2000
user3946517095361975326,1600
user5606910072467093226,1200
user8260441425443072182,1900
user4047438626386221556,2300
user8352320420427383829,2200
user5361088160632313611,2000
user1383974948859566790,1600
user1505102774279463205,1800
user8781675724842514745,2300
user6400881858773707380,2000
user7963371422633123173,2200
user9011540893865228090,2700
user2628181379096615590,1500
user3720559832628547331,1700
user1543618738143254549,1700
user77033123463462325,2300
user286132037578385037,1800
user8654523481161227870,2100
user2130171491871367335,1900
user2706220143240966077,1500
user1142839219044054856,1700
user8278967838302301023,2200
user4970572365909144708,1800
user2071779061610526585,2100
user3368228601943814792,2000
user8511291164591418043,2100
user2062625012789833106,2200
user674626305470834031,1200
user1962263442277727324,1500
user6834599799379935308,2000
user5224440222836034692,1900
user3552995000155960086,1800
user8622704980678480531,2100
user7130996757070230772,2200
user1358522511932508476,2300
user6804896239042538878,2400
user2256545459822671879,1700
user7221426003031660744,1700
user2802112275124891860,2100
user7904532116467655072,1900
user1753942803892786943,1700
user8259881464930931734,2100
user3321231634378983514,2100
user7437439123918715143,2200
user4279201992163198128,2100
user5566279168457950973,2300
user7269201246326474353,1300
user4593130343591652420,1700
user5563261050679406850,1800
user1633156623767189093,1800
user3519725178823576871,2400
user3448165562842428506,1900
user3172080130158112013,1800
user4202843109555268985,1600
user6988542716230403276,1800
user638681583480959459,1900
user4405015999602362224,1800
user8004115411249778523,1700
user4959861765628486567,1600
user5245984753473807656,1600
user3244872751771054371,1600
user3569075073044483038,2000
user4077577245332547551,1600
user4902247611097628148,1600
user5107998579435405958,2300
user8049662629791728126,1700
user7879421324834895323,2000
user5076521724246957184,1800
user2161088386547675661,1800
user8390941614901503959,2800
user4429348515505139642,2000
user7764877878188529816,2000
user4127032370163782504,2000
user9095604076270969037,1900
user1820151046732198393,2400
user1384534909371707238,1900
user289138338061231374,1900
user853586600639430748,2200
user7509558700412003956,1800
user6465628535294539369,2200
user1846941719901379486,1700
user883165259073616295,2000
user4768959436374191917,1500
user2167454450103364686,1800
user3672784589333733722,1600
user1763656813225620870,2200
user2056258949234144081,2200
user3485230205856583974,1700
user3369348522968095688,1800
user6431020477720033375,1400
user9180557047187451211,1700
user8119324049018613264,1900
user916321995798486413,2100
user5455083667588730368,1900
user7879639640052737206,1800
user6961752043061222183,1600
user2187100783986874423,1600
user6026446136939061429,2400
user5911684375074854039,1900
user6325196021285431782,1700
user7197423315127484105,2500
user7010428892162474805,2100
user8275619892525156121,2000
user8083939287540879140,1600
user3347803992330322724,1800
user8872994759314685944,2100
user6079809168059581732,1600
user2540770250913729741,2100
user6923349163804943936,2100
user8870206774049681490,2100
user8485278767152219281,1600
user7767665863453534270,1800
user2463073132063677819,2200
user4778113485194885396,1900
user8769285243025435260,1900
user5526756368177391830,2000
user1995638494220439325,2600
user3223328221133281407,1500
user2707340064265246973,1700
user3145631102283229485,1500
user8389603378659381180,1800
user8968670147807524045,2100
user6357232836986021004,2000
user3586711697392970652,2100
user3777614026647265302,1900
user7106104280655312906,2000
user7020921177225291063,2000
user1396365430676646275,2300
user9104758125091662516,1600
user1847501680413519934,1800
user116887323569376448,1600
user3788106311710081560,1800
user1252914798888994565,2100
user6604734630357221963,2000
user7356394059291518319,1600
user4644813493175751379,1400
user8835151840570548145,2000
user5031421381609634932,1500
user868205107209374239,1700
user7918602479821155901,2200
user7703479147444842729,1700
user7132894953824493999,1700
user2985758752312756258,1700
user6772299462829809208,2000
user5255698762806641583,2000
user3593625904165102339,1900
user6466748456318820265,1700
user7598649710131311149,1500
user9132327073990825940,1500
user6619694782221464019,2000
user4845318318982121060,2300
user3308281192049763581,1400
user6751874853216317140,2200
user1332851759787608279,2600
user4011823732394947763,2200
user595032561693273083,2200
user6301640209285882494,2300
user299082479907604970,1800
user50460765512123115,2100
user6283101979130955867,2500
user5030519775803195919,1900
user7510118660924144404,1600
user5337303787945978855,2000
user2417744228739570099,1400
user7290185816452106869,1600
user1898968086606531211,1800
user2904713687685559434,2000
user8703077000186023810,1500
user6239452957343269491,1500
user8114637866999345583,1700
user8957617902232567339,2200
user7951759216546026019,1700
user8818853452464183310,1500
user6428232492455028921,2400
user1672450863360962768,1500
user3936803086029141399,1400
user5002950826904032495,1900
user8863062434764010134,1500
user4052124808405489237,1900
user163324330622067278,1700
user3067923737964233978,1400
user6040846328291163037,1800
user3985479935130394021,2100
user1498736710723774180,2200
user666592177674421448,1800
user5932108984688346107,1900
user9176089180386025413,1700
user6590551182396208037,1600
user6258209502716038001,1700
user286350352796226920,2100
user2598932548661030822,1500
user1547196816433939120,1500
user3111354444534078471,1600
user1846381759389239038,1600
user2644479767202980425,1400
user3143951220746808141,1500
user8521223489142093853,2500
user2418304189251710547,1500
user4041632523342672979,1800
user502375290978979105,2000
user5652352060398714043,1500
user2715934152573800004,2100
user5480536104515788682,1800
user3011211189239814572,2400
user3804404699816446395,2300
user5587823699095723937,1800
user149484099782106118,1600
user8881818980136778644,1900
user1247108695845445988,1900
user1246548735333305540,2000
user2870218714718566537,1600
user8175476637230892222,2000
user1116266861092715646,1800
user8384917196640113499,1500
user5615734293289185926,2600
user1236834726000471613,1600
user226071543076820729,2300
user7246318479446578610,2200
user708343002707844597,1900
user2997152643182011529,1900
user37510323182903182,2100
user4388717611495997389,1700
user8527807867915624761,2000
user2265139548131224910,2000
user7628011625174409014,1800
user7801600875908386719,1700
user6483046844425185100,2100
user5359968239608032715,2300
user4646151729417874158,1800
user4756227309262813867,2300
user1548304920162522230,1400
user5098066254884730148,1400
user1116608506387014211,2000
user8142661545800320669,2200
user505163276243983559,1900
user1121294688406281892,1800
user3503986751229352484,2400
user4834826033919304802,1900
user9043577709565817312,1600
user5943502875557601378,1800
user643709410794525705,2000
user6514865344907932439,2800
user4580739861774572935,2300
user5838891753461911681,2700
user8754325091161193204,2000
user1661180302568164179,2000
user85845526989857239,1700
user2294388378566809678,1600
user7138701056868042576,1900
user1575655553843843771,1900
user2151156061996999851,1500
user4380453351186045137,1600
user6074563025528173603,1700
user1281603668812438885,2400
user3059111334437839064,1800
user5680480969810017915,2000
user3044367925964684690,1700
user154730242313514247,2100
user1797486595070144533,2000
user2292708497030388334,1800
user3929098786231329595,1600
user8709337833131384049,1500
user7346120089446543944,2100
user7049723131756248480,2300
user2391513516082529454,1900
user2917433997501239698,1500
user5507326777684969775,1800
user1486016400908093916,2000
user287470273820507816,2200
user3701473459257178042,2200
user4743276866933593934,1600
user1186041364927113881,1900
user6942322452568800128,2300
user1299695023062738161,1500
user3072951565277800224,2200
user3942390873854848093,1600
user2491096810864652905,2500
user5122398770787507566,1500
user3810429118077836855,1800
user1676358769650248118,1800
user8355213636302717069,2200
user60734735357097490,1900
user7587597464556354443,1900
user5248772738738812110,1500
user8408359924032149690,1600
user5863349171267899982,1700
user8186310567588007045,2000
user2176608498924058165,1900
user7663396386652143138,1900
user5900632129499897333,1400
user523359861104611621,1200
user3952883158917664351,2000
user5507886738197110223,1600
user2844206317279367775,1900
user2055698988722003633,1900
user7939587049946788417,1700
user4164440230298990738,2500
user3230802388417553542,1900
user2172140632122632367,1800
user4101579933236724190,1500
user6872661033341914990,1700
user7043243983593046358,2100
user5032199657339617263,1800
user4279761952675338576,2200
user9020353297391623004,1600
user1589725917197344600,2100
user8317930678070719718,1600
user2745742943521525220,2000
user4824333748856488544,1800
user2670492164642179187,2100
user2238567190179885700,2400
user4266251549833978195,1900
user4392065557273142291,1700
user3601111888745072260,2000
user8907831377575977406,1600
user5509784934951373450,1900
user7556338924585747552,1800
user2414177967744583314,1900
user1104996300299917057,1800
user5684607191317145148,1700
user3700135223015055263,1900
user4937757274478573155,2000
user8914415756349508314,1900
user5986591936833147306,1500
user9039109842764391514,2100
user1310747268637694867,1800
user8379111093596564922,2200
user8670480223973294140,2200
user501255369954698209,1700
user8632978950523454906,1700
user8016847538361156573,1900
user7582009676730647749,1800
user6191222984146644220,2100
user792406185113585544,1600
user3931338628279891387,2200
user5777606107325737691,2200
user516775482331080713,1900
user2073458943146947929,2500
user5686287072853566492,1800
user9158339471430024702,1600
user2363042961376927017,2000
user2518665759763816329,2100
user3158134668707822067,2000
user6686568216183344703,2100
user6883713278916871696,2000
user6033932121519031350,1900
user2957629842901452386,2400
user6074003065016033155,1800
user235443907115356091,1900
user1303042968839883063,2000
user7714749708237641318,1900
user138431854207149412,2300
user2368289103908335146,1900
user1422937788627985485,2000
user1171309773749657293,1400
user1448173482163956117,1600
user8235318816514614647,1400
user8526469631673501982,1400
user1210044052831290520,1400
user1450961467428960571,2600
user6101353698697354696,1900
user6564320469739167392,2200
user3474956236011609599,1700
user5860777929393983210,1800
user2491875086594635236,2000
user6669368222270540855,2200
user2969460364206391423,1500
user2266477784373347689,1900
user8059376639124562053,2100
user5849943999036868387,1700
user8986088456938169776,2100
user2940876724893275889,1600
user5940154929780456476,2000
user1611612093129416129,2200
user4999042920614747145,1700
user7642971777038651070,2100
user2290810300276125107,2000
user4100241696994601411,1800
user5484114182806473253,1900
user6905817770066785108,1500
user4588879220181314304,2100
user5300580790226121952,1900
user7819019185039032450,2000
user4052684768917629685,1600
user3827069151478500255,1700
user2038062364373516019,2200
user9043017749053676864,2100
user2088077449716891420,1900
user4047220311168379673,2000
user8064062821143829734,2200
user2987438633849177602,2700
user426564551587492624,1800
user1463911909758180504,1800
user2138765580179920366,2000
user3333963761490361564,1800
user3914698594879227987,2100
user3596644021943646462,1800
user9210925798647316875,2000
user946025556135882843,1800
user6629067146259999381,1600
user3847493761091992323,2200
user701416978640015124,1600
user2641473466720134088,1600
user5791116510167098072,1500
user176274772951287211,1500
user1834769553302141884,2100
user4563768428548554555,1700
user5187157264604037341,1800
user4887069144015544209,1500
user1119614806869860548,1500
user1724134012945061727,1700
user505381591461825442,1500
user1028077457179847466,1400
user8971458133072528499,1900
user7508438779387723060,2400
user6421306468387199448,2300
user9147847186367208444,1900
user7083999789505399494,2100
user4633201287088654225,1700
user8583182180397921388,1900
user1904774189650079788,1900
user8402553820988601113,2000
user518113718573203492,1900
user8644249511316253495,1900
user3496842411943681128,1500
user8301632289964354883,1800
user7312403392209533378,1700
user4129603612037699276,2000
user105162032874766197,2400
user8179384543520177572,2200
user8515977346610685724,1600
user7695993162864872808,1800
user2758463253337205484,1400
user8389821693877223063,2300
user1949531315166349274,2000
user60174774844957042,2300
user1451739743158942902,2200
user6515985265932213335,2000
user1518053216608683138,1900
user906949631759951051,1900
user3219750142842596836,2000
user6163094074735340348,1600
user3927430721990606037,1800
user6793843993467582172,1600
user3813777063854981757,1600
user8209753294980043236,1700
user6399761937749426484,1900
user3452291784349555739,1500
user780575663808646507,2200
user791627909383603213,2000
user7576203573687099172,2000
user3385646911074460523,2100
user8707657951594962705,1900
user5111906485724691308,1900
user5539923553897699445,1500
user4743836827445734382,1900
user2198931305291813460,2100
user8336800308051001325,1800
user1801612816577271766,1600
user2714814231549519108,2100
user8225491722574267623,2400
user6860270551524835505,2200
user2891203284844199053,2100
user568128803916578893,2000
user6481148647670921873,1500
user4997704684372624366,2300
user8737248427324846038,1900
user5927982763181218874,1500
user8320948795849263841,2100
user6167220296242467581,2300
user7690747020333464679,2100
user8038952029511069985,1600
user7773471966497082847,1900
user6027566057963342325,1700
user2533065951115917937,2300
user6528375747749292820,1900
user8462614315490165421,2300
user8028678059666095610,2000
user8758792957962619002,2000
user6152601789672524090,2600
user3771247963091576277,2100
user8428566218427799875,2300
user5663404305973670749,2200
user900583568204262026,1800
user3758962711884825578,2000
user5218415804574644232,2600
user885063455827879522,2000
user8926683869787648,1400
user8066520978410233409,2100
user2010598646084681381,1600
user8846982361875487182,2000
user6857482566259831051,1500
user7184691188016106055,2100
user1268093265971078504,1700
user8516537307122826172,1700
user3736858220734912166,1400
user9215052020154444108,2000
user4255417619476863372,2100
user6326751000918642243,1400
user5359408279095892267,1800
user7713629787213360422,2000
user3374034704987363369,2300
user8481700688861534710,2100
user6530603772502156826,2300
user7356954019803658767,1900
user7004841104336768111,2300
user5952875239596136740,1600
user3926310800966325141,1500
user2051354451997034517,2500
user3923852643699921466,1600
user6532283654038578170,2100
user8037832108486789089,1700
user27018038120086924,2400
user152272085047110572,2100
user9221199768492291250,2400
user7919722400845436797,2100
user2760143134873626828,2300
user5636271987510191091,1700
user3212835936070465149,1800
user2517887484033833998,2000
user1356064354666104801,1700
user869106713015813252,1700
user5130444715879617935,1800
user4256537540501144268,1700
user4408363945379507126,1900
user2343396627493417280,1700
user5952315279083996292,2300
user958975998465102776,1900
user8154492067105259706,1700
user7088126011012526727,1700
user6647823691632767891,2200
user3371246719722358915,2100
user2066751234296960339,2300
user2732450855898006722,1600
user7488014169774230992,2200
user6702419728385082187,1600
user2755115307560060582,1500
user8493312894948631864,2300
user5262843102092312939,2100
user5186037343579756445,1600
user6696718855951862396,2000
user5714197667047028481,1900
user8451448985307695618,2000
user5312971272043201437,1900
user7803280757444808063,2000
user4987212399309808108,1700
user1594412099216612281,1900
user7224213988296665198,1600
user274519831491287883,1700
user2458605265262252021,2000
user4414948324153038034,1800
user1538932556123986868,1400
user3986039895642534469,1600
user3949535213140519449,2200
user4030020317255575825,1500
user1195425546261347029,2000
user3489356427363711207,1900
user4150929827457630357,1600
user5857429983616838308,2200
user2293050142324686899,1900
user5548082583597322911,2000
user5785870367635689943,1700
user7582351322024946314,2600
user23670092342942022,2000
user8159738209636667835,1900
user2281656251455431628,1600
user8767605361489013916,2100
user7436879163406574695,2200
user4539984055862219799,2400
user8029797980690376506,2500
user883725219585756743,2500
user5311633035801078658,1900
user791286264089304648,2100
user2616350857791676553,1900
user117447284081516896,2100
user416072266524676366,1400
user5118832509792520781,1600
user4916877934963269425,1900
user3474177960281627268,2000
user4594685323224862881,1800
user8962864044763975468,2200
user5822375050137704963,1800
user2071219101098386137,2300
user2826009732418739713,2200
user565888961868017101,2100
user9087339815961016785,1600
user8076234987743067336,2100
user1319901317458388346,1900
user2530277965850913483,2000
user5123518691811788462,1500
user4993236817571198568,1800
user4492768773079546638,2400
user3600770243450773695,2200
user2754337031830078251,1400
user2640913506207993640,2000
user3821263048434951678,2300
user5448157643520900895,1400
user7930774646420393503,1600
user1216410116386979545,2400
user6691472713420454267,1600
user6939429236693466888,1800
user4158634127255442161,1700
user1110242442831325186,1600
user6836497996134198535,1400
user7440457241697259266,2600
user304328622439013099,1800
user5848045802282605160,2100
user3122406690109035177,1700
user274738146709129766,1700
user3408871323248654831,2100
user7250444700953705843,2200
user4326198959728029406,1400
user5163932852429843033,1700
user879817313296471393,2200
user527827727906037419,2000
user3922184579459197908,2100
user5175545058516940187,1900
user9160019352966446046,1900
user5607470032979233674,2200
user1099408512474210363,1800
user3155781742051747178,2000
user494329345886868736,1900
user6654749715700597364,2200
user5905318311519165014,1700
user2380461270507572748,1800
user4449224981902189048,2100
user4936855668672134142,1800
user5438225318970225085,2000
user2694276537328513943,1700
user1798824831312267312,1900
user8511509479809259926,2600
user813172440021376177,2700
user7097840020345360654,1800
user5702025500447790879,1900
user1643980308655360331,1500
user8698503902774269226,2000
user6097787437702367911,3000
user2639575269965870861,1600
user623503116398875520,2000
user3357736316880998534,2000
user8754885051673333652,2200
user8383237315103692155,2300
user5238280453675995852,2200
user7905870352709777851,1900
user516993797548922596,1700
user5737970222437665451,2300
user1380408687864580005,2000
user2983860555558493031,1600
user7780616305782754203,1800
user2655532012777937131,1700
user2824776726786945720,2000
user896675661914976676,2000
user1237176371294770178,1900
user3892375788511472692,2000
user8617458838147072402,2300
user8996580742000986034,1600
user8154273751887417823,1700
user7214281663745989388,2700
user856374585904435202,1700
user8502137115770724564,2100
user1813784983176509368,2300
user979960568590735292,1700
user141779799984294314,1600
user8669141987731171361,1500
user4473557497804966466,1700
user8000549150254791738,1900
user1896509929340127536,2000
user3826727506184201690,2000
user4336691244790845664,2400
user7220866042519520296,2000
user9045257591102238656,2000
user6746628710684909011,2000
user7336747725408008582,1900
user6032033924764768123,2000
user1271671344261763075,2000
user2355568794092654882,2300
user2300194481610358255,1600
user264245861646313508,1800
user505723236756124007,1800
user1704269363843710107,1700
user5821815089625564515,1400
user5247664635010229000,1700
user1357402590908227580,2000
user4448105060877908152,2500
user4922797122614331099,2300
user5310731429994639645,2000
user4771965736857038254,2200
user5460111494902296614,2600
user2128273295117104108,1700
user8824099594995591439,2300
user1259499177662525473,2300
user9115468725372320657,2600
user5733844000930538218,2200
user4506267358625209233,2200
user6255751345449634326,1400
user8443184724997743366,2200
user7551092782054339423,2000
user8857256331720461557,2700
user6015953851876245171,2000
user8106716823810446097,2000
user7424718814103034879,2300
user4524463943485837295,2200
user4508725515891612908,2100
user5245766438255965773,2100
user490763084891881951,2100
user6555166420918473913,1600
user2314812988180301746,2300
user1005640680888162,2000
user3202343651007648891,1300
user3130110989906846981,1500
user4151708103187612688,2200
user5706493367249216677,2100
user4608090495455894476,2200
user7786982369338443228,2000
user1434881394540437619,2100
user4680428387167025172,1800
user1562935244028163507,1600
user3595865746213664131,2900
user2529499690120931152,2100
user6255191384937493878,2700
user6983856534211135595,1500
user3372366640746639811,1500
user7765437838700670264,2200
user8833471959034126801,1800
user5822935010649845411,2100
user1912248356934351923,1900
user1729940115988610304,2100
user4770627500614915475,1500
user7438777360160837922,1500
user8645369432340534391,1500
user3790564468976485235,2000
user8710116108861366380,1900
user7959233383830298154,2100
user3007084967732687339,2100
user6999035001293219534,2300
user1746798464607115587,1900
user989674577923569219,1300
user832042070001657784,2000
user8620806783924217304,1500
user5438007003752383202,3000
user2680984449704995445,1900
user3096394292669836415,2200
user2380679585725414631,2100
user8762919179469746235,2000
user1879756811331951039,2800
user1406639400521620650,2200
user6305206470280869279,1500
user632657165219568999,1800
user4039174366076269304,2100
user4061278857226182716,1500
user1930226626577138102,2300
user5807414898273462907,1900
user1028295772397689349,2100
user3426061071692515094,2100
user5747467488379411696,2300
user5473061937231516547,2300
user3584253540126566977,1700
user7565492973406441031,2100
user691484654089339314,1500
user3427180992716795990,1600
user7962033186391000394,1900
user7302471067658857568,2400
user4022875977969904469,1600
user5564599286921529629,2000
user508181394022527682,1700
user6466530141100978382,2100
user1221656258918387674,1900
user2073677258364789812,1900
user5085675773067650663,1400
user1323467578453375131,1500
user5692093175897115069,2100
user7860210049560315151,1900
user1184373300686390323,1900
user8780555803818233849,2000
user4987990675039790439,1900
user2051572767214876400,2700
user658887877876609644,1600
user8647037496581257949,2200
user5780064264592141366,2200
user2723078491859471360,1500
user5111346525212550860,2100
user9220298162685852237,2000
user4870210795397038926,1600
user7983577717028773358,2100
user7235484549089463787,1700
user9099730297778096270,2000
user8736906782030547473,2400
user1280825393082456554,1800
user5369900564158708525,1300
user4374647248142496560,1400
user4004349565110675628,2100
user2061846737059850775,2100
user1975213884606947257,2200
user8745500870339100504,2300
user6294932500435894904,2100
user4676850308876340601,1900
user2422430410758837780,2200
user3964713680222603388,1700
user8392621496437925303,2000
user7512129942285920728,1900
user6984976455235416491,1500
user1931004902307120433,1800
user759809408900855874,1800
user5219754040816767011,2400
user7233586352335200560,2100
user5470262134670814307,2100
user4425782254510152857,1900
user9221978044222273581,1800
user5371238800400831304,2100
user7498506454837047250,1900
user5321783675569596351,1800
user6608860851864349196,1900
user1902875992895816561,1600
user5464237716409423847,2200
user1787212625225170158,2000
user4530830007041526320,1700
user4404456039090221776,2000
user5004849023658295722,2100
user4338029481032968443,2000
user5912804296099134935,1800
user6717038234955025678,2400
user5665302502727933976,1900
user8418292248582825500,1700
user6971684367611897993,2300
user3468931817750219139,2000
user7287292600576773629,1800
user6454804850406368131,1800
user3506774736494356938,1600
user1683503108935919474,1500
user3272223385452375912,1900
user708456087315357694,1600
user281104210264818791,1900
user7693205177599868354,2100
user2176826814141900048,2300
user5860996244611825093,1900
user6346180591411064298,1900
user2754555347047920134,2300
user2254647263068408652,2200
user7602215971126297934,1600
user8943547538879066510,1600
user6438506462300003296,1800
user4893435207571233234,1700
user6730330322578544176,1800
user7373812368422164050,2200
user5364654421627300396,1900
user6999376646587518099,2300
user6399543622531584601,2000
user66199193106347502,1800
user1367676560753201955,1600
user6301080248773742046,1900
user293276376864056393,2000
user4859718510334222668,2400
user8980842314406761647,1600
user2301862545851081813,1600
user7747906444962511436,1600
user7891251846139834360,1800
user8916083820590231872,2300
user3018355528525485928,1600
user1373482663796750532,1800
user6516203581150055218,1400
user324534916834663284,1500
user2406132022652472945,1900
user3585373461150847873,2100
user1104654655005618492,1600
user5009316890459721520,2200
user190115003791248371,1900
user7587815779774196326,1600
user6277295876087407290,2100
user501037054736856326,1700
user2078363440384057493,2300
user5688515097606430498,2500
user5279814535318331319,2100
user8995460820976705138,2100
user1577895395892405563,1600
user1995420179002597442,2400
user3303813325248337783,2000
user7428845035610162112,1400
user2676858228197868212,1600
user8506045022060009914,1800
user6484726725961606444,1900
user616577092331046047,1600
user3836441515517035617,1400
user2781687665511399792,1900
user2214451417668195964,1600
user5756166807298293513,2300
user5936016890977631457,2100
user13177807280125764,2000
user674066344958693583,1900
user731338854195253437,1900
user3857986046154808581,2000
user583980316118316377,2100
user2848332538786495008,2200
user8627172847479906329,1600
user5093380072865462467,1900
user4893093562276934669,1600
user6710124028182893991,1400
user4083383348376096128,2500
user7276240355001816923,1900
user5086235733579791111,2100
user2759023213849345932,1900
user3198765572716964320,1600
user5967505563461778017,2500
user1357184275690385697,1800
user2619368975570220676,1700
user7576763534199239620,1800
user5222542026081771465,1700
user4655305778238567637,2000
user7482986342460664746,1700
user4961759962382749794,3000
user6299960327749461150,2000
user1598320005505897631,1700
user6652851518946334137,2900
user654979971587324294,1900
user8280866035056564250,2500
user1433543158298314840,1900
user2275631833194041168,2200
user4993018502353356685,1900
user4281430016916062134,1600
user5538928534776629432,2100
user8555500146891244867,2200
user6686786531401186586,1800
user1809317116375083570,1600
user3991286038173942598,2500
user9214273744424461777,2400
user7280148261291102273,2200
user8698285587556427343,1800
user6520111487439340568,1400
user3915258555391368435,2400
user5649999133742639154,2100
user8493872855460772312,1600
user8588210007711487634,1800
user8267915592727344317,1900
user6856144330017708272,2500
user901703489228542922,1600
user1016465251092750312,2000
user3508454618030778282,1800
user1884784638645517285,2400
user5586703778071443041,2000
user1721346027680057273,2200
user4492427127785248073,2100
user3552435039643819638,2100
user2326425194267398900,2000
user7496278430084183244,2000
user8485838727664359729,2300
user4061838817738323164,1700
user8432132479422786660,2400
user7361640201822926448,2500
user5727477937374849193,1500
user6621592978975727246,2600
user4363595002567539854,2200
user6142327819827549715,2000
user7052957992925880285,1900
user1697903300288021082,1700
user1769794316094524427,2200
user5468923898428691528,2000
user7096160138808939310,2400
user4729996596605773222,1700
user336925398651742769,1800
user7863901212458512819,1700
user742172784552368260,2000
user2416076164498846541,1600
user8533955616253471903,1800
user4178498776356793781,1700
user4970914011203443273,2300
user768403497209408905,1800
user3878535557671511532,2600
user1658827375912089290,1800
user311802789723285234,1900
user6280313993865951413,2300
user5186597304091896893,2000
user7923070346622581699,1800
user9044810715197611305,1700
user6884054924211170261,1700
user3860225888203370373,2100
user4525365549292276308,2000
user8611092774591383377,1700
user9168831756492840960,1800
user529165964148160198,1700
user676866147519395823,2100
user7818800869821190567,1900
user7613828177213395088,2200
user2891421600062040936,1800
user6052458534378260191,1800
user4167788176076135640,2400
user1001286784010666373,2000
user4517319604200165939,1600
user3849951918358395998,2000
user5348356033520935561,1700
user7119944511495274066,1600
user1961703481765586876,2100
user8395409481702929757,2100
user7438559044942996039,2200
user4439292657351513238,1600
user3562367364194495448,2600
user4299408286558848313,1500
user6234985090541843693,2000
user2276751754218322064,1700
user2532505990603777489,1300
user8034484162709644187,2000
user6757339310965567152,2000
user3413670589875435609,2000
user3009543124999091014,2200
user4173812594337526100,2000
user4355560874771127271,2200
user2418864149763850995,2000
user1235496489758348834,2100
user1901196111359395217,2000
user2869877069424267972,2200
user847780497595882171,2000
user5444591382525914110,2000
user3665298604753763801,2000
user1475524115845277658,2000
user7767552778846021173,1700
user6834258154085636743,1600
user6211429278542294405,2100
user5577331414032907679,2300
user2172482277416930932,2000
user3601330203962914143,1900
user3508112972736479717,1800
user8857816292232602005,1900
user2132399516624231341,1800
user1031643718174834251,1800
user3611044213295748070,1800
user6867756536104805426,2100
user3929658746743470043,2000
user3904766270328552177,2000
user8242244840582444120,2200
user3121286769084754281,2100
user2292148536518247886,2100
user8174138400988769443,2100
user2728884594903019937,1800
user4876576858952727951,1700
user8859714488986865232,1800
user8781115764330374297,1900
user2739936840477976643,1700
user335805477627461873,1900
user4590890501543090628,2300
user7549412900517918079,1700
user3081215825587752476,2000
user5938256733026193249,1800
user7124070733002401299,2400
user7901184170690510170,2200
user5348915994033076009,2300
user472566500031253889,2000
user4474790503436760459,1800
user8648157417605538845,1900
user4891755326034811890,1900
user1423610833747639030,1800
user6838166060374922093,1700
user1696783379263740186,1900
user7303031028170998016,2000
user417410502766799145,2000
user1504542813767322757,1700
user8213879516487170469,1600
user1468379776559606302,2200
user7008189050113913013,1800
user2100809576828269470,2100
user777227718031501605,1700
user4026454056260589040,2100
user8667473923490447803,2300
user8917203741614512768,2000
user5817128907606296834,2100
user4223162488558432267,1500
user8780897449112532414,1700
user4695719938856622208,2400
user7949861019791762792,2000
user4089749411931785153,1800
user8741934609344113719,2100
user5328149739125285376,2000
user7735515963145431951,1900
user7754385593125713558,1700
user5437665358458084637,1900
user2616569173009518436,1900
user5762085994949355187,1700
user2428796474314526805,2100
user1233268465005484828,1800
user3156341702563887626,2600
user648955553325933834,1700
user3912800398124964760,1500
user2189558941253278098,2000
user5601103969423544649,2400
user8400655624234337886,1700
user4666358023813524343,1700
user3357176356368858086,1800
user5713077746022747585,1800
user7933562631685397957,1900
user4707892105455859810,2400
user4567334689543541340,2400
user5427173073395268379,2700
user3425842756474673211,1500
user5254578841782360687,1800
user605524846756089341,2400
user6319276833634370108,1500
user4706553869213737031,2000
user5078189788487680742,1700
user6521449723681463347,1900
user5400382400226087286,2300
user4741048842180729928,2300
user1610710487322977116,2100
user3515152081411822287,2500
user1776720340162353900,1600
user995480680967117796,2600
user3310521034098325373,1600
user2770635419936443086,1800
user4817967685300799519,2200
user4967006104914157923,2000
user9034205345527281950,2500
user7347240010470824840,2100
user789388067335041421,2000
user326433113588926511,1800
user7988595298873396019,1600
user1661958578298146510,2200
user1990952312201171644,2100
user874011210252922816,1600
user2723638452371611808,1900
user4056032714694774587,2000
user1755175809524580936,2200
user5107780264217564075,2000
user1884224678133376837,1500
user6562640588202746048,1600
user758689487876574978,2000
user1201779792521338268,2600
user5697899278940663646,1600
user5008196969435440624,2100
user2958968079143575165,2100
user3207589793539057020,2000
user4078137205844687999,1600
user2883169157047786470,1900
user531953949413164652,1800
user4528931810287263093,2100
user7699571241155557379,1900
user8004675371761918971,1800
user3948196976898396670,1700
user2731112619655883943,2100
user8230290989201048401,1900
user264587506940612073,2200
user1700361457554424757,1800
user6127149352745465776,2200
user7314643234258095170,1700
user1198213531526351483,2400
user5789436628630676728,2200
user5608248308709216005,1700
user5832867335200521221,1900
user780015703296506059,1500
user8264567646950199415,2500
user2028130039822840209,2600
user8027558138641814714,2200
user4783359627726293525,2000
user6987982755718262828,1700
user6156168050667510875,1900
user3121846729596894729,2100
user4804904158364066489,2500
user8605846632059975248,2100
user3283948676146986163,1800
user2381239546237555079,1900
user4667696260055647122,1700
user297402598371183626,2300
user5690413294360693725,2000
user6003563370059165686,2300
user3287743497828758416,2300
user3562709009488794013,2500
user232209045945724286,1800
user3731052117691363589,2000
user4255199304259021489,2400
user544344431230244137,1400
user152832045559251020,2000
user6406687961817255957,1600
user5958681342639685317,2200
user4761255136576380113,2700
user2429356434826667253,1900
user2049114609948472725,2500
user1835889474326422780,1600
user7675008592739240292,1600
user3699015301990774367,2200
user582528995268680501,2100
user4276743834896794453,1900
user1676577084868090001,2600
user3206469872514776124,2100
user341724665278523547,2500
user7361080241310786000,2400
user9198193671535938825,1900
user1951771157214911066,2200
user6770631398589085650,2500
user6284781860667377211,1600
user626851062176020422,1800
user4155056048964757590,1800
user5696219397404242302,1600
user1233828425517625276,2000
user6647263731120627443,1700
user8176596558255173118,2000
user2413276361938144301,2000
user4111293942569558117,1600
user3525644366474638545,2200
user6460942353275271688,2200
user127379608632192706,1800
user2655313697560095248,2400
user1549424841186803126,2300
user2166116213861241907,2100
user821549784938841526,2300
user3359416198417419878,1400
user596152482717553979,1800
user2984980476582773927,1400
user4268149746588241422,2000
user6531942008744279605,2900
user5722791755355581512,1900
user3132339014659710987,1600
user4199824991776724862,2000
user2325646918537416569,2400
user2384027531502559533,1600
user4878475055706991178,2400
user8678526169065404509,2300
user5245206477743825325,1700
user4677410269388481049,1800
user7219186160983098952,1600
user8491084870195767858,1900
user3028069537858319855,1900
user6073443104503892707,1800
user4833487797677182023,2200
user2056818909746284529,2800
user2452020886488721113,1800
user7471934096885708040,1700
user3270885149210253133,2000
user5917490478118402616,2300
user6131275574252593009,2000
user5926084566426955647,2100
user51580686536404011,2500
user4678530190412761945,1800
user6579498936821251331,2100
user4585986004305981064,1600
user2181294680943325846,2400
user1523081043922249384,1600
user894777465160713449,2300
user6189324787392380993,2300
user151712124534970124,2000
user6037498382514018135,1900
user1837787671080686007,1700
user7118824590470993170,1900
user7817680948796909671,1700
user6802781298897187969,2000
user3253466840079607402,2000
user8616120601904949623,1700
user6909165715843930010,2000
user2355008833580514434,1600
user2156962165040548428,1900
user3931556943497733270,2100
user1100528433498491259,1800
user5328709699637425824,2000
user5840011674486192577,1800
user7135122978577358005,1900
user1611830408347258012,2000
user1120174767382000996,1500
user631537244195288103,2100
user451687160515950159,1900
user5587263738583583489,1900
user3623994655624968003,2300
user5172413856130882967,2400
user8229399628863552973,1800
user7334849528653745355,2600
user5904540035789182683,1800
user2314594672962459863,1500
user7535789413069044601,2200
user8914528840957021411,1900
user3652018334425943089,1900
user4266469865051820078,2200
user5243526596207403981,1700
user6357792797498161452,1900
user4752101087755686634,2300
user8656421677915491097,2300
user4294940419757422515,1700
user1473625919091014431,2200
user1110460758049167069,1800
user4187652825177487260,2400
user7852175921763902568,1800
user2039742245909937363,1600
user8203168916206512328,2400
user7471715781667866157,1800
user5915032320851998941,1900
user7168839675814368571,2200
user2775321601955710767,1900
user7384522968702822191,2000
user1710635427399399132,1900
user2859384784361451714,2200
user6077021182794577278,2100
user4217243300907370593,2400
user1337537941806875960,1900
user2617129133521658884,1500
user8384575551345814934,2200
user312922710747566130,2000
user198379264101200623,2000
user1869606171563433346,1700
user5481096065027929130,1900
user6515643620637914770,1600
user7309397091726687041,1500
user185988782284121138,1700
user1334519824028331837,1900
user2666925903647192402,2000
user2088855725446873751,2300
user944905635111601947,2300
user8302410565694337214,3100
user5988043257682783182,1900
user2917993958013380146,2600
user2155063968286285201,2200
user3937363046541281847,1800
user1259280862444683590,1600
user769181772939391236,1700
user2161430031841974226,2200
user7857982024807451145,2600
user7098058335563202537,1700
user8270933710505888440,2300
user1452859664183223798,2100
user3702033419769318490,2300
user1010659148049201735,2300
user4424662333485871961,2300
user6747406986414891342,1400
user3772367884115857173,2000
user1929325020770699089,2300
user7570739115937849160,2300
user1236616410782629730,1900
user4908613674653317173,1700
user7711731590459097195,2800
user4981624611484101414,2500
user8972018093584668947,2500
user2039182285397796915,2100
user5345008087743790659,2400
user5827839507886954975,1600
user3157461623588168522,1800
user3211156054534043805,1400
user480270799829065693,1700
user8125243236669674938,1900
user3841127697536303298,2000
user6495219011024422702,2200
user1423829148965480913,2000
user5465575952651546626,2000
user3105548341490529894,1700
user172148551444159978,2400
user2689030394797105814,2100
user6338923167517879845,1700
user1946525014683502937,1500
user6002443449034884790,1800
user3733291959739925381,2100
user5887008642051023855,1800
user1600778162772301306,1800
user5038118844990678937,1900
user2480822841019678530,1800
user7664174662382125469,1700
user6394857440512316920,1900
user6169118492996730808,2500
user8113517945975064687,2200
user5914472360339858493,1900
user1234936529246208386,2000
user3479984063325175845,2100
user3889027842734327790,2600
user543566155500261806,1900
user4816847764276518623,1600
user5994409321238472207,1800
user2676298267685727764,2000
user2155842244016267532,1600
user8502697076282865012,2300
user8391501575413644407,1800
user5527876289201672726,2500
user4075909181091823993,2200
user2381021231019713196,1900
user6367506806830995379,2200
user1825055543969307957,2000
user6132955455789014353,2400
user8777549503335387512,2400
user2882609196535646022,2200
user9072161348878932846,1700
user1348590187381832666,2100
user565670646650175218,1800
user6796862111246126295,2100
user5244864832449526760,1800
user1407872406153414643,1500
user285790392284086472,2500
user4981064650971960966,2000
user7435771059677991585,1900
user7439119005455136487,2000
user4078697166356828447,1900
user6931270206993843422,2500
user7125190654026682195,1800
user8256863347152387611,2500
user4418856230442323384,2500
user2566222687840788055,2300
user1005631320735635489,2100
user7607462113657706063,1700
user7439897281185118818,2400
user1104436339787776609,2000
user9131548798260843609,2200
user8357784878176633841,2100
user7358852216557921994,2900
user6630747027796420725,2500
user7296105004103168543,2000
user253535261365655367,1800
user5414222631066048446,1800
user325873153076786063,1700
user6668808261758400407,2400
user5734403961442678666,2400
user5135349213116727499,2200
user8379329408814406805,1900
user3232482269953974886,2200
user314260946989688909,2400
user8131609300225363963,2200
user7801942521202685284,2100
user4729218320875790891,1800
user5178219959174431544,2300
user4552374537679299284,2100
user5965047406195374342,2300
user3152215481056760393,2000
user4919105959716133431,2200
user6405568040792975061,1600
user401453759954732875,1800
user6085055310590989861,2400
user4862176667600626343,2100
user6756779350453426704,1900
user3046047807501106034,2300
user5548300898815164794,2300
user891211204165726664,1600
user2070659140586245689,2000
user3458999493199543329,1500
user5459769849607998049,2300
user1923300602509308629,1600
user8516195661828527607,2400
user1984586248645482619,1600
user7172965897321495804,1500
user5535910416998085309,2600
user4156954245719020817,2400
user7049504816538406597,2100
user6937076310037391999,1500
user666032217162281000,1900
user6410035907594400859,1900
user1890922141514420842,1600
user5724129991597704291,2100
user153392006071391468,2100
user6043304485557566712,2400
user5927422802669078426,1900
user2469770595444721824,2100
user752665069615184518,1900
user6946573575979138244,1800
user5213387977261077986,1500
user6169460138291029373,2200
user6266803591024591032,2200
user1902534347601517996,1900
user313141025965408013,1900
user3573761255063750719,2000
user5336743827433838407,2000
user3995972220193210279,1500
user665813901944439117,2000
user7581791361512805866,2500
user8315702653317855712,2400
user3726925896184236356,2600
user5973424751112839691,2000
user7906430313221918299,2200
user6419968232145076669,1900
user902481764958525253,2500
user8606406592572115696,2400
user9006294751333819961,1800
user6042526209827584381,1700
user1720567751950074942,1800
user6779785447409779129,1600
user411946045017549133,2000
user903601685982806149,2200
user8244143037336707347,1600
user6812713623447863779,1800
user3112692680776201250,2300
user8556838383133367646,1900
user7212041821697427596,1400
user3529770587981765778,2200
user1158017686126138795,1800
user3022263434814771278,1700
user1335858060270454616,2000
user5554107001858713371,1900
user5753273591422960273,1900
user1776502024944512017,1700
user6365266964782433587,2200
user6542215978589253980,1800
user7812434806265501542,1900
user8972578054096809395,1700
user419090384303220489,1900
user7395015253765638449,2200
user5081767866778365313,2300
user9074059545633196073,1900
user4552934498191439732,2200
user718275327258520407,2400
user8848662243411908526,1700
user2403125722169626608,1900
user8301850605182196766,2300
user4996584763348343470,2200
user8947685577681891529,1900
user8929034262919451805,2200
user1819591086220057945,1900
user980520529102875740,2000
user6602276473090818288,2200
user5598875944670680643,1900
user6242471075121813614,1400
user3903987994598569846,2000
user4906385649900453167,2200
user6004341645789148017,1800
user8405341806253605567,1700
user3569853348774465369,1900
user4856930525069218214,1900
user6030914003740487227,2100
user5463677755897283399,1700
user1583141538423813692,2000
user27236353337928807,2300
user4930158205291090137,1600
user1007311202272056833,1400
user1497628606995191070,2000
user2760703095385767276,2400
user6531163733014297274,1900
user7734396042121151055,2100
user7086227814258263500,1600
user7466469639136458028,2000
user8759011273180460885,2300
user5062338276285943258,2400
user781353939538628838,2200
user7973863707695939431,2100
user6736914701352075084,2400
user8192676631143696070,1700
user2695167897666009371,2500
user7322117401542367305,1600
user4810710261407615066,1900
user518673679085343940,1700
user3607477952300761285,1500
user7031973422800247769,2200
user2060726816035569879,2100
user7449611290517952745,1900
user7811314885241220646,1700
user3679368968107264630,2500
user8056588653859557599,2200
user3280817473760928943,2600
user997378877721381023,2200
user3992737359023578474,2100
user8771743400291838935,1800
user3342776165016756478,1300
user372423244736989990,1400
user46334544004995882,1600
user3402505259692965806,1700
user7630686525831900371,2000
user6129937338010470230,1900
user8335348987201365449,1700
user2792739911086356498,2100
user6093319570900942113,2500
user2606636848458842626,2400
user6972026012906196558,1900
user2997370958399853412,2300
user7602775931638438382,1900
user9060549142791835692,2400
user6225052765991167883,1900
user7497946494324906802,2700
user1028637417691987914,1500
user2861064665897873058,1700
user6279754033353810965,2700
user8191556710119415174,2700
user7428285075098021664,2200
user5573193375230082660,2900
user2399217815880341258,2200
user8494651131190754643,2200
user6086175231615270757,3000
user1169069931701095501,2200
user6861608787766958284,1800
user6283880254860938198,2000
user187327018526243917,1600
user3385086950562320075,2000
user5047938084933841650,2300
user4474677418829247362,2400
user449229003249546484,1800
user2906941712438423440,2200
user1082891809150003645,2100
user890651243653586216,1800
user5333737526950992070,1300
user6075901261770296382,1400
user417970463278939593,1500
user4168566451806117971,2000
user6905599454848943225,2200
user4651739517243580852,1600
user1248446932087568767,1700
user5685508797123584161,1800
user4289134316713873938,2100
user3958689261961212928,2200
user6228847587672940136,2000
user4174932515361806996,2500
user5130103070585319370,2300
user6970346131369775214,2000
user2708895043898457434,2100
user2035274379108511565,2500
user6963980067814086189,1900
user4340382407689043332,1700
user7286172679552492733,2000
user362490920186314180,2500
user7333729607629464459,1800
user4509285476403753356,2100
user7752705711589292214,2400
user6519551526927200120,2500
user7212601782209568044,2300
user3724137910919231902,1600
user1776160379650213452,2000
user2534404187358040716,1600
user4553494458703580180,1800
user473904736273376668,2000
user1632814978472890528,1900
user6961192082549081735,3000
user8566210747171903008,2500
user3539484597314599705,1900
user3328157658446812987,2000
user99137614613375737,2400
user3444039341335301273,2100
user2990226619114182056,2200
user5232474350632447275,1900
user3435993396243190904,2100
user8984750220696046997,2400
user4124139154288449264,2500
user5514471116970641131,1800
user1211163973855571416,2700
user8165325997462374529,2700
user3775261099991190413,2000
user4398991581340971764,2600
user106281953899047093,2100
user6917429976153882262,2400
user5701247224717808548,2300
user6494659050512282254,1600
user8699623823798550122,1900
user677644423249378154,2000
user1577553750598106998,1900
user1155789661373274789,2900
user1808757155862943122,1900
user2137085698643499022,1700
user5218074159280345667,2200
user6742160843883483213,2100
user5362426396874436390,1700
user6481708608183062321,1900
user73125217174176975,2200
user748757163325899168,1800
user251295419317093575,1700
user2902255530419155759,1800
user5988490133587410533,2000
user3486568442098706753,2100
user5004070747928313391,2500
user1726032209699324954,2100
user3662510619488759347,1900
user1518166301216196235,2000
user7411768371773814946,2500
user4640905586886466029,1900
user4031700198791997169,1800
user4525583864510118191,2000
user8720048433412042190,1700
user5107220303705423627,2800
user5052405951735267448,2200
user7828951509589708260,2400
user38630244207184078,2000
user6170238414021011704,2400
user9213153823400180881,1700
user4897001468566220019,2300
user3673344549845874170,1500
user6036938422001877687,1600
user413844241771812360,2400
user6618574861197183123,2200
user6179952423353845631,2100
user1004853045005653158,2000
user1924420523533589525,2300
user5949527293818991838,2000
user5877967677837843473,1900
user4882942922508416976,1800
user1281043708300298437,2600
user9090917894251701356,2400
user1006751241759916385,1900
user3446827326600305727,2300
user8421080233847829954,1900
user3953101474135506234,1500
user8484500491422236950,2000
user4777553524682744948,2000
user3425282795962532763,1600
user1493490568192366051,1900
user7061335337843345634,1600
user4782239706702012629,2100
user2074797179389070708,2400
user2866310808429281187,2500
user4904145807851891375,2000
user993800799430696452,1700
user6403669844038711834,1500
user6173026399286016158,1800
user1826735425505729301,2300
user3233042230466115334,2200
user4014841850173491886,2300
user792187869895743661,1900
user3723017989894951006,1900
user6731108598308526507,1700
user418530423791080041,1700
user1473844234308856314,2300
user3298908828011228219,2800
user65420917376365171,1900
user996818917209240575,2400
user2474238462246147622,1800
user3673562865063716053,2000
user7599987946373433928,1700
user5103094082198296394,1700
user2946795912544337563,2900
user7359960320286505104,1900
user4503479373360204779,2200
user5282489435975822676,1600
user652521814320920619,1900
user7893479870892698366,1600
user7383184732460699412,2100
user2935972227656166325,2300
user5118490864498222216,1900
user3362982459412406663,1700
user6407247922329396405,1900
user4885949222991263313,1900
user8291918280631520956,2100
user4153387984724034032,2100
user38288598912885513,2100
user6288908082174504444,2000
user2755675268072201030,1700
user4277863755921075349,2000
user4903367532121909044,2400
user7791108590845570461,1800
user5258156920073045258,1900
user2990444934332023939,2100
user4063177053980445943,2400
user916881956310626861,2300
user4029242041525593494,1700
user7564933012894300583,2000
user747637242301618272,1900
user8390163339171521628,2100
user3031087655636863978,2600
user6616346836444319117,2300
user5509006659221391119,2200
user3128431108370425637,1900
user9051395093971142213,2400
user8779217567576111070,2200
user2022323936779291632,2000
user7681033011000630752,2400
user4733904502895058572,2100
user4337251205302986112,2000
user1836107789544264663,2400
user1067153381555779258,2300
user4855592288827095435,2100
user8368618808533748664,2000
user924367940890596782,1600
user55706908043531244,2400
user8994122584734582359,2300
user7880759561077018102,2200
user4014063574443509555,2100
user5311291390506780093,2000
user3242414594504650696,1900
user7176097099707553024,1800
user8657529781644074207,1900
user6493880774782299923,1400
user554836716293060395,1800
user6702638043602924070,2100
user2986878673337037154,1700
user1496508685970910174,2000
user7537800694430820925,2400
user6658097661477742266,2200
user6269261748290994707,2100
user1985706169669763515,2200
user4454471124433597177,2500
user7483327987754963311,1800
user3931898588792031835,2400
user9072721309391073294,2600
user4844758358469980612,2700
user763717315190141224,1800
user8961525808521852689,2700
user2179066656190461840,2000
user246609237297825894,2100
user2929046203588336852,2100
user2578613169657867540,1900
user1576775474868124667,2500
user5800830519499931999,2100
user8168332297945220866,2500
user2584419272701416117,2000
user224391661540399385,2300
user5007637008923300176,2000
user4073669339043262201,2700
user8439058503490616133,1700
user1579233632134528342,2100
user5322685281376035364,1600
user346639407984576696,1700
user367737062717722309,2000
user3935464849787018620,2100
user512867576041795363,2200
user4401997881823818101,2200
user3201223729983367995,2200
user8231970870737469745,2100
user5496834492622153517,2000
user8884825280619624981,2000
user27577998632227372,2000
user1495730410240927843,1700
user5476068237714362884,1900
user8510949519297119478,2400
user8280306074544423802,2200
user5294214726670432927,2000
user7351147916760110190,2400
user697290757132887891,2000
user5207021913705388961,2100
user2530837926363053931,2100
user3891255867487191796,2300
user197259343076919727,1600
user2401445840633205264,2800
user4908053714141176725,2400
user877919116542208166,2100
user823104764572051987,2000
user5723351715867721960,2300
user3122625005326877060,2400
user1460333831467495933,1700
user7540040536479382717,2000
user3930778667767750939,2500
user1857993965476336192,1600
user8032804281173222843,2300
user3590059643170115554,2000
user779455742784365611,1900
user5518938983772066929,2300
user54928632313548913,1700
user5108558539947546406,1900
user2186540823474733975,1900
user5010095166189703851,2000
user1143057534261896739,2000
user2389833634546108110,2400
user2580406135801801981,1700
user1620424496655811043,2300
user6209314338396943496,1800
user6075122986040314051,2200
user476579636930868025,1900
user5690973254872834173,2500
user7324015598296630532,2500
user2203399172093239258,2100
user8055468732835276703,1400
user3143391260234667693,2400
user868765067721514687,2000
user3310179388804026808,2300
user7724463717570475245,1700
user7196863354615343657,1800
user7927974843859691263,1500
user2458718349869765118,2200
user3860444203421212256,1900
user3327597697934672539,1800
user8278407877790160575,2400
user8885166925913923546,1900
user2937423548505802201,1400
user115767402545095552,1600
user9101970139826658062,2000
user1973315687852684030,2600
user7487454209262090544,2200
user3008423203974810118,2100
user98795969319077172,2200
user864638846214387454,2200
user5732724079906257322,2200
user8281985956080845146,2600
user3494602569895119336,2000
user8861942513739729238,2400
user7722783836034053901,2100
user4430468436529420538,2100
user7733836081609010607,1800
user8259103189200949403,1700
user7497386533812766354,1600
user5699567343181387204,2000
user3379840808030911946,2100
user306556647191877105,1900
user7989042174778023370,2500
user7779496384758473307,2600
user5691314900167132738,2400
user5350814190787339236,2000
user557076558341622187,1900
user1353058054183258464,2300
user7136461214819480784,2400
user7110230502162440139,1800
user8236438737538895543,1800
user7341433907427276263,2300
user1369014796995324734,2500
user6378559052405952085,1800
user4298288365534567417,2300
user2573367027126459411,2000
user1952331117727051514,2500
user7950980940816043688,2300
user3374594665499503817,2100
user8138753639511035319,2100
user7450949526760075524,2600
user2049674570460613173,2100
user7213721703233848940,1800
user7312745037503831943,1900
user9062447339546098919,2400
user1849399877167783161,1900
user6161974153711059452,2600
user3018137213307644045,1300
user6992450622519688626,1600
user4262903604056833293,1900
user3573419609769452154,1700
user2297176363831814132,1800
user3337871667779646914,1900
user3700353538232897146,2600
user6481926923400904204,2600
user3398037392891540008,2300
user6044424406581847608,1800
user7218407885253116621,1900
user16184107762972101,1900
user5372358721425112200,2200
user8621025099142059187,2300
user7938808774216806086,2700
user3606917991788620837,2200
user7850277725009639341,1800
user1210604013343430968,1800
user6609202497158647761,2300
user3008204888756968235,2500
user7121282747737396845,2000
user6962312003573362631,2000
user5313531232555341885,2200
user1040467938996926951,1900
user2098009774267567230,1900
user4425440609215854292,1600
user5654250257152977270,1900
user1948423211437766164,1700
user8564312550417639781,1700
user279765974022696012,2000
user2480044565289696199,2100
user6867974851322647309,2400
user6110291004126960493,1900
user1637842805786456774,1600
user400893799442592427,2300
user6184078644860972864,2200
user8748300672899802744,2300
user6678522271091234334,2200
user8245138056457777360,2400
user7987703938535900591,1600
user3897061970530740373,2200
user302648740902591755,1700
user7836997454681818629,2400
user6516763541662195666,2000
user5986031976321006858,2000
user2809256614410563216,2300
user1508120892058007328,2100
user3051966995152167708,1800
user1245988774821165092,1700
user4650619596219299956,1900
user8496890973239316435,2100
user7390329071746370768,1800
user5641186730216244240,1900
user8128261354448219061,1700
user2802672235637032308,2100
user4985532517773386764,2500
user1298575102038457265,2700
user3651458373913802641,1600
user3363542419924547111,2500
user2584532357308929214,2300
user8949913602434755535,1800
user8806008240745292163,2400
user7747688129744669553,2200
user6903919573312521881,2700
user5004289063146155274,2700
user1333959863516191389,1900
user5476628198226503332,2000
user7566052933918581479,2200
user1457545846202491479,2200
user4393963754027405518,2000
user6290028003198785340,1700
user637343347238836680,1900
user4162200388250428946,1900
user389281593355495273,1900
user5707613288273497573,2300
user6154499986426787317,1900
user8636545211518441691,1900
user5877749362620001590,2100
user6770071438076945202,1700
user2523911902295224458,2000
user8296386147432946754,2800
user1269773147507499848,2700
user4710567006113351167,2000
user5354162136564484138,2200
user6299400367237320702,2500
user8906929771769538393,2200
user4001218362724618408,2100
user776667757519361157,1900
user4657763935504971312,2000
user2222828762585661313,2200
user3712525704832134748,2300
user7481648106218541967,1800
user4004909525622816076,2200
user1678816926916651793,2300
user5915592281364139389,2200
user543784470718103689,2500
user5409641679657109551,2500
user6656977740453461370,2300
user7962251501608842277,2000
user7095052035080356200,2400
user642589489770244809,2400
user8789709852638927328,2100
user4333343299013700762,1900
user8544666216534130044,2300
user5370460524670848973,2100
user70885375125615183,2200
user7005401064848908559,3000
user2903593766661278538,2200
user3809090881835714076,2200
user4349194811215438246,2400
user1803511013331534993,2400
user1847719995631361817,2200
user1142279258531914408,2500
user1280265432570316106,2500
user5085115812555510215,2100
user8984190260183906549,2500
user9000706963508113267,2400
user7466127993842159463,2400
user791846224601445096,1800
user198160948883358740,2500
user7231918288094477002,2600
user3997092141217491175,2000
user6630187067284280277,1600
user8370517005288011891,2300
user2171362356392650036,1800
user3111914405046218919,2200
user7198761551369606884,2100
user2777001483492132111,1600
user2452580847000861561,1500
user5723911676379862408,2500
user7174085818345776700,2200
user5095048137106186025,1600
user8340813444950615461,2000
user3526764287498919441,2200
user2439848719889483511,2100
user1108562561294903842,2400
user3348022307548164607,2500
user6037280067296176252,2000
user491323045404022399,1800
user6883494963699029813,2100
user8381569250862968597,1800
user71786980932054196,2600
user342171541183150898,1400
user6201496953991618595,2300
user150044060294246566,1900
user8984408575401748432,2100
user6015175576146262840,2500
user1379288766840299109,2300
user2959528039655715613,2300
user8988876442203174230,2400
user6959293885794818508,2200
user9061887379033958471,2300
user639241543993099907,1800
user6866854930298366413,1400
user5019809175522537778,1900
user2050794491484894069,2000
user2996592682669871081,1800
user3942049228560549528,2000
user2390953555570389006,1900
user3007863243462669670,1800
user5653130336128696374,2100
user7123510772490260851,2000
user2405023918923889835,2500
user4037506301835545746,2000
user7129876836045949876,2100
user7464789757600036684,2200
user176834733463427659,2000
user7213161742721708492,1800
user5584805581317179814,2500
user3258153022098875083,2300
user1270333108019640296,2000
user4277522110626776784,1900
user8405901766765746015,2300
user7473054017909988936,2200
user770083378745830249,2500
user4076469141603964441,1900
user8006573568516182198,2700
user7835099257927555402,1800
user4884281158750539755,2200
user7999429229230510842,2300
user7691525296063447010,2000
user3244654436553212488,2100
user528046043123879302,2400
user139551775231430308,1800
user3383418886321596517,2000
user6338363207005739397,1900
user6140989583585426936,2100
user4316484950395195479,2000
user5485222286535056363,2000
user1361310497197512930,1500
user895555740890695780,2600
user8533613970959173338,1800
user6217795342097983430,2200
user2985198791800615810,2100
user4986092478285527212,2300
user3084003810852756930,2500
user4418296269930182936,2300
user1684063069448059922,2300
user3280257513248788495,1600
user8854468346455457103,1600
user3827847427208482586,2700
user4646711689930014606,2000
user2429574750044509136,2200
user4619142741030851182,1900
user74793281414900533,1900
user5074281882198395392,1900
user5838113477731929350,1700
user7790548630333430013,1800
user1461453752491776829,2000
user7724682032788317128,2100
user2028690000334980657,1900
user3815456945391403101,2300
user6379337328135934416,2100
user4257657461525425164,2400
user8300512368940073987,2300
user903041725470665701,1800
user1451179782646802454,2400
user982748553855739746,1900
user2318160933957446648,1700
user4027014016772729488,1500
user8983070339159625653,2000
user5498514374158574861,2100
user9164705534985713727,2000
user5030301460585354036,1800
user3111572759751920354,2300
user7940706970971069313,1600
user1183813340174249875,2200
user6642577549101359762,2300
user606084807268229789,2600
user5609928190245637349,3000
user3116040626553346152,1900
user2644261451985138542,2300
user5312411311531060989,2300
user7939928695241086982,2000
user1787772585737310606,1600
user4515651539959442381,2200
user2928486243076196404,2000
user929614083422004911,1600
user731120538977411554,1600
user5937136812001912353,2300
user2162768268084097005,2900
user1111020718561307517,1800
user3710845823295713404,1900
user7714531393019799435,2200
user7754945553637854006,1800
user6267363551536731480,2200
user1972755727340543582,2500
user5003169142121874378,1500
user2302982466875362709,2100
user6159186168446054998,2200
user5082327827290505761,2100
user7561025106605015233,2100
user7692645217087727906,1700
user512307615529654915,1700
user1473065958578873983,1800
user3650120137671679862,2100
user188446939550524813,2100
user6520889763169322899,2100
user4702086002412311233,2000
user1983248012403359840,1700
user5210929819994674311,1700
user6835938035622058087,1600
user3938482967565562743,2500
user1082331848637863197,1700
user324193271540364719,1900
user3865472030734778502,1800
user8313804456563592485,2600
user8999368727265990488,2400
user402013720466873323,1600
user5124638612836069358,1400
user8164206076438093633,1500
user5827061232156972644,2300
user2297736324343954580,2200
user8077573223985190115,1800
user3338089982997488797,1400
user6065190661489638241,2100
user637561662456678563,2000
user8174698361500909891,2800
user8773971425044702941,2300
user6400321898261566932,2300
user4468871315785698785,1900
user1407199361033761098,2000
user8344161390727760363,2100
user1914146553688615150,2600
user3029407774100442634,1900
user2774761641443570319,2300
user7994629962603730064,1900
user1609932211592994785,2100
user4526143825022258639,1800
user5664742542215793528,1800
user4802229257706575132,2600
user8995802466271003703,2600
user6733896583573530961,2400
user5916370557094121720,2000
user5839451713974052129,2000
user6029794082716206331,2100
user532732225143146983,2100
user7020361216713150615,1500
user3519506863605734988,1600
user5948967333306851390,2400
user9045029030415453188,2900
user4074229299555402649,2100
user3513919075780028294,1500
user7798594575425540382,2200
user488304927625478276,2700
user1764889818857414863,1700
user482498824581929699,2200
user9175870865168183530,2200
user2286124118256857426,2400
user7848049700256775335,2000
user7372692447397883154,2200
user6832919917843513964,2300
user440416599723151570,2300
user928712477615565898,1500
user2291370260788265555,2200
user6834818114597777191,2200
user4333124983795858879,2600
user8853908385943316655,2000
user3278029488495924489,1900
user2325865233755258452,2300
user5892927829702085529,2800
user6495778971536563150,2100
user2065412998054837560,1900
user3963593759198322492,2100
user9030410523845509697,1900
user7313523313233814274,2200
user1855205980211331738,2000
user1472505998066733535,2100
user48562568757859888,2000
user4692153677861635423,2300
user3710627508077871521,2100
user4998264644884764814,2000
user8346732632601677135,2000
user3145289456988930920,2100
user5800270558987791551,2100
user539098288698836008,2400
user1871057492413069222,2700
user8280087759326581919,2300
user3471389975016622814,1700
user2191786966006142104,1800
user1848279956143502265,2500
user9054743039748287115,2200
user6312692454860839200,2100
user1155011385643292458,1800
user5486342207559337259,2300
user1082550163855705080,1700
user4571025852441739008,1900
user4630973262335790219,1800
user8291140004901538625,2100
user3091708110650568734,2800
user2112753182740721604,2100
user8908049692793819289,2500
user3458657847905244764,2200
user5927764447963376991,2100
user4719504311542956964,2000
user5343888166719509763,2400
user1452081388453241467,1800
user3940710992318426749,2000
user3886456600860411018,2300
user4998482960102606697,3300
user3901748152550008054,2100
user327541217317509621,1900
user6395075755730158803,1800
user2518105799251675881,1800
user7338975750160872588,1800
user4629075065581526992,1800
user8164424391655935516,2600
user3848053721604132771,2200
user8520103568117812957,1900
user8275401577307314238,2000
user5203455652710402176,2300
user5824833207404108638,2100
user7697113083889153704,2700
user730560578465271106,2300
user1596091980753033625,1600
user753443345345166849,2900
user6863848629815520076,2000
user6058264637421808768,2400
user6781123683651901908,2300
user4534177952818671222,2400
user2225503663243152670,1700
user576162931712991476,2100
user6667470025516277628,1600
user1985487854451921632,2000
user1702589482307288763,1900
user6772859423341949656,2200
user7817120988284769223,2200
user2770853735154284969,1800
user8555158501596946302,2100
user6794403953979722620,2200
user7087347735282544396,2400
user7349468035223688846,1800
user6928595306336352065,2100
user5234714192681009067,2000
user424336526834628618,2500
user1875070629312683358,2000
user6038618303538299031,1600
user6168900177778888925,1500
user2110741901378945280,2400
user2645039727715120873,2600
user4293602183515299736,2100
user2699181034565623507,2000
user4855032328314954987,2400
user742732745064508708,2200
user8438498542978475685,2100
user8142319900506022104,1900
user3107446538244793121,2200
user3174433056814186902,2200
user2279758054701168401,2500
user1914706514200755598,2200
user1533904728810420622,2000
user1258939217150385025,2000
user4767061239619928690,2500
user537200091944572781,1700
user1127100791449830469,1900
user4960640041358468898,2100
user517553758061063044,2000
user2607756769483123522,2600
user3029749419394741199,2200
user3163380811239230196,2300
user8397307678457192984,1900
user3016457331771222701,1600
user1125980870425549573,2300
user742951060282350591,2000
user7955107162323170921,1900
user3221648339596860063,2300
user3562927324706635896,1800
user6781683644164042356,2200
user5077081684759097632,1600
user7280366576508944156,2400
user2651405791270809898,2100
user6317378636880106881,2100
user1346691990627569439,2400
user276418028245551110,1500
user7446263344740807843,2600
user5450397485569462687,1800
user2366621039667611588,1300
user4131283493574120620,1900
user7859215030439245138,1500
user8537521877248458688,1900
user8958177862744707787,2600
user2303542427387503157,1700
user2753777071317937803,1900
user3223888181645421855,1600
user7209813796944563590,2300
user847220537083741723,2000
user5184139146825493218,2200
user8874674640851107288,1700
user6906937691091066004,2200
user1132906894493379046,2300
user6337803246493598949,2100
user7165604814644736766,2000
user1875743674432336903,2000
user2817415644110186682,2200
user2165774568566943342,1600
user2430134710556649584,2000
user5404177221907859539,2000
user189006900062665261,2000
user941557689334457045,2400
user3207029833026916572,2000
user27796313850069255,2400
user5103312397416138277,2300
user7934682552709678853,2200
user8105596902786165201,2300
user7652904101589326880,2000
user348090728834212572,1700
user6615786875932178669,2000
user5372140406207270317,1800
user8973138014608949843,1800
user2253527342044127756,2100
user4983304493020522758,2400
user5465917597945845191,1800
user2391731831300371337,1900
user3687403095903677213,2500
user1219198101651983999,2400
user5549980780351586138,2600
user6053796770620382970,2200
user5471382055695095203,2100
user8594794386485018542,2000
user5173752092373005746,2000
user9089797973227420460,1900
user8868868537807558711,2900
user770861654475812580,1900
user8973697975121090291,1600
user879598998078629510,2300
user6995468740298232749,1800
user5733284040418397770,2400
user845322340329478496,1900
user1358304196714666593,2100
user8759571233692601333,2200
user222276721395048476,1700
user171588590932019530,2200
user6869094772346928205,2300
user7187149345282509730,2000
user5812101080292730588,2500
user2754896992342218699,1700
user4871890676933460270,2400
user917660232040609192,2300
user958416037952962328,2200
user1825397189263606522,2200
user3153883545297483951,2200
user9112462424889474320,2700
user8355886681422370614,2300
user549932219055950831,2200
user9169951677517121856,2200
user664912296138000104,2700
user6009027827808415698,1700
user2011271691204334926,1900
user3764208854416233707,2200
user615798816601063716,2200
user632097204707428551,2200
user885623416340019970,2300
user3787546351197941112,2200
user3321573279673282079,2400
user7447931408981531401,1500
user7189937330547514184,1600
user7477740199929256617,2600
user8630179147962752666,1900
user7488232484992072875,1500
user7536462458188698146,2000
user7380396747195694958,1900
user2833714032216551517,1400
user7049163171244108032,1800
user2528598084314492139,2100
user3810210802859994972,2100
user9160237668184287929,2000
user6340934448879656169,2600
user6642359233883517879,2000
user6268701787778854259,2200
user1017243526822732643,2100
user6527037511507170041,2500
user8169452218969501762,2100
user7483546302972805194,1600
user243261291520680992,2400
user8682652390572531742,1800
user3934904889274878172,2200
user7538142339725119490,2300
user7114138408451725489,2200
user5832307374688380773,2000
user4606970574431613580,2100
user1232708504493344380,1600
user2540551935695887858,1700
user5805735016737041563,2300
user3234940427220378561,2100
user2651965751782950346,1800
user8757113076426197658,2000
user5218634119792486115,2100
user869325028233655135,2200
user2430694671068790032,1800
user305996686679736657,2200
user2479142959483257186,2600
user3552216724425977755,2500
user5497954413646434413,2400
user1593633823486629950,2200
user896457346697134793,2300
user6658657621989882714,1500
user6719496392221429353,1900
user3941270952830567197,2000
user4845878279494261508,2300
user1095282290967083130,1800
user1588387680955221821,2300
user8916643781102372320,1900
user5735182237172660997,2000
user3338649943509629245,2200
user6973364249148319337,1800
user5822593365355546846,2200
user356790047753094389,1900
user296282677346902730,2000
user4639567350644343250,2600
user1131227012956957702,2200
user8768165322001154364,2400
user2211663432403191510,2300
user3469491778262359587,1800
user4395083675051686414,2100
user2770075459424302638,1900
user1883664717621236389,2500
user95229708324090387,1900
user1512028798347292678,1300
user5789218313412834845,2000
user2793299871598496946,2300
user8738026703054828369,1900
user1325707420501936923,2100
user7357172335021500650,2100
user3244312791258913923,2100
user2461953211039396923,1900
user6580618857845532227,2000
user7549754545812216644,2200
user2337259124624513723,2000
user5199317613907577157,1600
user7556898885097888000,1700
user548252337519529487,2100
user2067092879591258904,2000
user6627399082019275823,2100
user9029177518213715704,1500
user1944845133147081593,2400
user6439844698542126075,2300
user2164996292836961011,2400
user645607607548788932,2600
user5109678460971827302,1700
user7930214685908253055,1600
user5271437190400865970,2000
user166342448400611401,2500
user4394523714539545966,2100
user6551588342627789342,1900
user5152549207029531347,1500
user8483940530910096502,1500
user8178276439791594462,2200
user4525023903997977743,2500
user6180512383865986079,2200
user7362200162335066896,1900
user3554114921180240982,2000
user6405909686087273626,2500
user8133507496979627190,2300
user4107386036280272767,2300
user6202616875015899491,1600
user2652525712295090794,1900
user8041958329993916322,2500
user2744623022497244324,2300
user8690686518368944325,2300
user8328982923645676424,1800
user7002942907582504884,1800
user8325634977868531522,2400
user6740822607641360434,1800
user9032525463990860606,2300
user2732232540680164839,2800
user1857434004964195744,2100
user2894221402622743176,2200
user5133451016362464272,2200
user7849717764497498893,2000
user3378172743790188388,2200
user3798598596772897818,2900
user995139035672819231,2000
user8643471235586271164,2300
user4867422810132034472,2100
user2299634521098217807,2100
user9134566916039387732,2300
user252415340341374471,2400
user1739324297322843452,2100
user4519559446248727731,2100
user7907550234246199195,1900
user52688790264987121,1800
user5212609701531095655,2100
user5779285988862159035,2100
user5221422105057490569,2300
user6757680956259865717,1900
user7460881851310751334,1800
user1677137045380230449,2400
user3732731999227784933,2000
user1209825737613448637,2100
user5236052428923131846,2000
user4290254237738154834,2100
user4211437197863822016,2000
user39968480449306857,2200
user5560473065414402396,2200
user2520345641300237673,2300
user8998808766753850040,1800
user2947137557838636128,2000
user3348923913354603620,1700
user4273955849631789999,1700
user4277303795408934901,2000
user3905886191352833073,2100
user7622092437523347340,2400
user5698459239452804094,1900
user906389671247810603,2500
user3029967734612583082,2700
user8835370155788390028,1800
user1720007791437934494,2900
user7335067843871587238,2200
user6576824036163759974,2200
user4130723533061980172,2300
user7010087246868176240,2000
user3722239714164968675,1700
user5356060333318747365,2200
user5470822095182954755,2200
user7198201590857466436,1900
user6326191040406501795,1800
user3339769864533910141,1900
user7486334288237809648,2300
user7577883455223520516,1800
user632315519925270434,2100
user7651671095957532887,2100
user8269595474263765661,2100
user6690134477178331488,2200
user3106886577732652673,1500
user4142335739149077326,2200
user8884606965401783098,2900
user4465076494103926532,2200
user6201715269209460478,2100
user2185980862962593527,2100
user3605798070764339941,1500
user3220310103354737284,1900
user3343336125528896926,2100
user6142109504609707832,2400
user5606350111954952778,1900
user663574059895877325,2100
user8394289560678648861,2100
user5679921009297877467,1800
user3936243125517000951,2300
user8390723299683662076,2100
user5608589954003514570,1400
user1703927718549411542,2100
user3053305231394290487,2300
user190674964303388819,1900
user3910572373372100754,1800
user5255138802294501135,1800
user4760913491282081548,2800
user7686279153532038881,2000
user5449277564545181791,2300
user2853920326612201702,2500
user213339415965442679,2500
user7588935700798477222,1800
user6527255826725011924,2000
user4949587795783512192,1900
user5824273246891968190,2500
user5278581529686537326,2200
user1640414047660373546,1600
user2357123773725865343,1700
user4165548334027573848,2300
user8749638909141925523,2500
user7437999084430855591,1800
user5223661947106052361,2100
user7109670541650299691,2300
user1971635806316262686,1700
user1027517496667707018,2100
user1661398617786006062,2000
user6658315976695584149,2200
user1070046597431112498,1800
user2121234186441761538,2200
user5675794787790750234,2200
user6367165161536696814,2900
user6202275229721600926,2100
user2452799162218703444,2200
user2226841899485275449,1900
user5797482573722787097,2400
user6520671447951481016,1800
user3336751746755366018,2300
user8743832806098376946,1800
user6981958337456872368,2500
user5959241303151825765,2200
user8655861717403350649,2700
user4771187461127055923,2600
user4046878665874081108,2000
user1043255924261931405,1900
user231089124921443390,2500
user7828733194371866377,1600
user5767000737655408336,2200
user3486008481586566305,2100
user2639015309453730413,2200
user4596136644074498757,2800
user6895885445516109298,2300
user9083431909671731435,2000
user2508173474701000071,2100
user8928815947701609922,2300
user5129324794855337039,2400
user1769462916269169447,1600
user278086092486274668,2000
user682890565780786283,2000
user4470104321417492778,2200
user2854138641830043585,1800
user2423550331783118676,1800
user1015345330068469416,2300
user5622648500061317613,2400
user4266811510346118643,2200
user6691814358714752832,2200
user8396187757432912088,1400
user6050230509625396185,2000
user3959249222473353376,1900
user428804393636054416,2400
user4157295891013319382,2300
user1686851054713064376,2500
user5436887082728102306,2400
user8770623479267558039,1900
user9186363150230999788,2100
user292156455839775497,1900
user7164266578402613987,1900
user8879920783382515417,1800
user2792179950574216050,1700
user3586151736880830204,1800
user8602828514281431125,1900
user4062958738762604060,1500
user2440968640913764407,1700
user62072971599220269,1700
user5598315984158540195,2100
user6708225831428630764,2500
user5207363558999687526,2200
user1152771543594730666,2000
user3594185864677242787,1900
user4959301805116346119,1900
user1153891464619011562,2000
user5434099097463097852,2200
user7465349718112177132,2500
user2398657855368200810,1600
user4891195365522671442,1500
user1066251775749340245,2700
user7591723686063481676,2100
user3809869157565696407,2000
user3974987650067577763,2100
user3981353713623266788,1800
user6735576465109952305,1900
user6761807177766992950,2700
user5527316328689532278,2700
user1197653571014211035,2100
user1073737760329310166,2100
user8691246478881084773,2400
user3835881555004895169,2400
user1718887870413653598,2300
user4539424095350079351,1800
user7550532821542198975,2700
user6414722089613668540,2400
user2155623928798425649,1900
user5349475954545216457,2300
user8631299068987033562,2500
user9210147522917334544,2000
user6618014900685042675,1900
user1464471870270320952,1900
user6962871964085503079,2000
user3837219791247017948,1800
user5134570937386745168,1800
user6393737519488036024,2100
user7477180239417116169,2500
user8858376252744742453,1800
user6884833199941152592,1800
user9075727609873919631,1600
user8295266226408665858,2000
user2265357863349066793,2000
user5948189057576869059,1800
user2166676174373382355,2000
user7983796032246615241,1500
user98577654101235289,2300
user4162542033544727511,2600
user7851615961251762120,2100
user7676906789493503519,2000
user3524524445450357649,2100
user3689082977440098557,1600
user2450900965464440217,2000
user4280870056403921686,1800
user6054356731132523418,1700
user4775873643146323604,2000
user3777272381352966737,2400
user9100850218802377166,2500
user3332065564736098337,2000
user5696779357916382750,2300
user3172753175277765558,2300
user4199265031264584414,3000
user1154109779836853445,2000
user4930718165803230585,1800
user7257589040239377199,2700
user665472256650140552,1900
user191794885327669715,2300
user8862720789469711569,1900
user7998196223598716849,2400
user4232981728501594980,2000
user550150534273792714,1800
user8868308577295418263,2400
user7937688853192525190,2300
user3635046901199924709,2500
user744630941818771935,1800
user918780153064890088,2900
user7118264629958852722,2100
user6960632122036941287,2400
user1924980484045729973,2500
user7916704283066892674,1500
user5879087598862124369,2000
user7043025668375204475,1900
user6968118106616911208,1800
user9130428877236562713,2400
user1436001315564718515,1800
user1780846561669481133,2000
user527267767393896971,2300
user3133677250901833766,2000
user1584479774665936471,1800
user5356620293830887813,1800
user3463125714706670562,2200
user5810202883538467361,2400
user5787538431876413501,2300
user1374260939526732863,2000
user3419695008136826069,2000
user4231861807477314084,2300
user628189298418143201,1500
user2172700592634772815,1600
user9099511982560254387,2100
user1175995955768924974,2000
user3462005793682389666,2200
user1659500421031742835,2200
user2142331841174907151,1900
user1488244425660957922,1700
user2072557337340508916,2100
user8923228159875903228,2800
user9065795285323243821,2500
user1061234193904717584,2600
user5509566619733531567,2000
user1904214229137939340,2400
user5474730001472240105,2300
user1424949069989761809,2100
user2735798801675151624,2400
user3131779054147570539,2200
user8747740712387662296,2100
user8973356329826791726,2600
user401112114660434310,2100
user7611040191948390634,2100
user7146175224152314711,2400
user3733851920252065829,2300
user6982518297969012816,2600
user5816568947094156386,2200
user9195187371053092488,1800
user200059145637621967,2300
user1226342440937655355,2400
user5612716175510641803,2700
user769741733451531684,2000
user1619864536143670595,1800
user6278415797111688186,2300
user4168006491293977523,2700
user7811874845753361094,1500
user77251438681304208,2000
user4826561773609352550,2300
user741052863528087364,2600
user35282298430039176,1900
user1963601678519850103,1900
user8185750607075866597,2200
user7060775377331205186,2300
user8378551133084424474,2500
user4972252247445566052,2100
user6200936993479478147,1800
user1723025909216478617,1800
user5458431613365875270,1800
user1912808317446492371,1500
user8054690457105294372,2000
user6264575566271727026,2400
user76691478169163760,2500
user6119103407653355407,2200
user3004296982467682885,2000
user8281425995568704698,2600
user9187141425960982119,2300
user5902860154252761339,1800
user6131057259034751126,2300
user1586707799418800477,1900
user6355334640231757777,2600
user4815396443426882747,2600
user5233594271656728171,2200
user2994352840621309289,2000
user6795182229709704951,2300
user5806294977249182011,2400
user6742720804395623661,2400
user5146183143473842322,1800
user7665854543918546813,2400
user1196533649989930139,2500
user3360194474147402209,1900
user6631525303526403056,1900
user1527985541159358948,2000
user4062398778250463612,2300
user402791996196855654,2000
user2252967381531987308,1500
user3815675260609244984,1700
user7072947543930442788,2400
user5184357462043335101,2200
user4382133232722466481,1600
user6263455645247446130,2200
user6130715613740452561,2500
user6016513812388385619,1800
user8813265664638476616,2200
user8665015766224044128,2100
user5383192651782227023,2100
user127161293414350823,2600
user4074570944849701214,1800
user6279535718135969082,2300
user577842813249412820,2000
user8219685619530719046,2100
user767843536697268457,2000
user3424941150668234198,1900
user5828399468399095423,2000
user1593852138704471833,2400
user8043638211530337666,1900
user9111342503865193424,2300
user7383963008190681743,2200
user5223880262323894244,2800
user49340844487842219,2500
user605306531538247458,1800
user5333177566438851622,1800
user7976091732448803437,2000
user6576492636338404994,1300
user5595857826892136520,1800
user537760052456713229,2600
user3886009724955783667,2200
user3916938436927789779,1900
user53248750777127569,2300
user8609194577837120150,2400
user7424158853590894431,2000
user4173594279119684217,1800
user3122966650621175625,1500
user7776490084275626970,1900
user4244365373901906666,2100
user2895329506351326286,1700
user5095608097618326473,1600
user5223101986593911913,2100
user7804400678469088959,1700
user703428260001791448,1900
user2129051570847086439,2200
user7549972861030058527,2200
user8936073371594794375,2400
user9136234980280111290,2200
user769523418233689801,2200
user378229347780538567,2100
user2173260553146913263,2100
user9166156855835349603,2000
user6290587963710925788,1700
user6329209158185045918,1800
user507621433510387234,2300
user4759575255039958769,2400
user3496282451431540680,2500
user4300186562288830644,1800
user6181290659595968410,1800
user5883213820369251602,2600
user2006585509185067245,2400
user7923630307134722147,2000
user1336418020782595064,2200
user303208701414732203,2200
user5427733033907408827,1500
user4305774350114537338,2100
user550710494785933162,2400
user7463121693359313126,2100
user7208475560702440811,2100
user2618249054545939780,1800
user3465023911460933789,2300
user48002608245719440,1900
user4950147756295652640,1800
user2202839211581098810,1900
user3921624618947057460,2200
user1463133634028198173,2000
user4209757316327400672,1900
user1903654268625798892,1900
user8429126178939940323,1800
user3112474365558359367,2300
user5350254230275198788,2000
user6531723693526437722,2300
user9216171941178725004,2100
user7054409313775516161,2000
user6880706978434025359,2400
user8089185430072287269,2100
user4716486193764412841,2300
user6079249207547441284,1800
user1562156968298181176,1500
user9009861012328806746,2200
user4241359073419060329,2100
user2765607592622876840,2000
user2188439020228997202,1900
user8835930116300530476,2600
user3003737021955542437,1800
user3268097163945248679,2100
user1050400263547602761,2000
user425456447858909514,2500
user2153944047262004305,1800
user2200611186828234804,2400
user1370694678531746078,2100
user8516755622340668055,2300
user5360528200120173163,2200
user4729436636093632774,2300
user8454236970572700072,2200
user2633987482140164167,2200
user6520329802657182451,2100
user4484722827987436269,2500
user6767613280810541527,2200
user1704487679061551990,1800
user8832363855305543691,2000
user9085111791208152779,2300
user6922676118685290391,1700
user3926870761478465589,1600
user1324805814695497910,2200
user1845261838364958142,1600
user8533054010447032890,1400
user7097280059833220206,2500
user8099459399917261644,2000
user8527247907403484313,2200
user1923860563021449077,1800
user5817347222824138717,2400
user8929147347526964902,2300
user2098569734779707678,2000
user7406180583948108252,2100
user7554659043049326208,2100
user2216909574934599639,2100
user4063737014492586391,2700
user7655362258855730555,2800
user4150369866945489909,2000
user2760361450091468711,2100
user6259329423740318897,2000
user7246536794664420493,2000
user1890703826296578959,1600
user9199873553072360169,1800
user2388165570305384552,2000
user701976939152155572,2100
user1935691084326388114,1800
user3684055150126532311,2300
user8077013263473049667,1900
user1307729150859150744,2400
user391739750621898948,1700
user4462505252230009760,2300
user6385143431179482993,2100
user4460390312084658851,1700
user6861390472549116401,2100
user551270455298073610,2000
user1209484092319150072,2000
user2832034150680130173,1800
user2151716022509140299,2100
user1093944054724960351,2100
user1604686069061586656,2100
user3463344029924512445,2400
user4524245628267995412,1800
user6932390128018124318,1900
user6257431226986055670,2000
user7713971432507658987,2500
user7583129597754928645,2100
user5075961763734816736,1900
user4645933414200032275,2000
user6064630700977497793,2200
user399773878418311531,2100
user5928542723693359322,1800
user6279194072841670517,2000
user1947303290413485268,1700
user7756500533271064467,1700
user8769845203537575708,1500
user3409089638466496714,2600
user8214999437511451365,2600
user2422990371270978228,2100
user5589491763336447495,2700
user3210937739316201922,2600
user9133446995015106836,1700
user4892315286546952338,2100
user1109122521807044290,2400
user7335627804383727686,2400
user1258160941420402694,2300
user8989654717933156561,1600
user7664734622894265917,1400
user4118333051244900687,1400
user5196311313424730820,1900
user7061895298355486082,1700
user1889470820664784966,1200
user7099738217099623881,1600
user4072891063313279870,2300
user5401502321250368182,1800
user3903646349304271281,2400
user3133458935683991883,2000
user3474396275499469151,2000
user2958408118631434717,1900
user6943442373593081024,2000
user6958733925282678060,1800
user1247886971575428319,2200
user8759352918474759450,2000
user2406691983164613393,2100
user1006532926542074502,1800
user3074849762032063451,1700
user4982184571996241862,2000
user6565440390763448288,2400
user5509224974439233002,2400
user7461441811822891782,2100
user884845140610037639,1700
user2771413695666425417,1400
user848340458108022619,2100
user8472328324822999348,2200
user5915810596581981272,1900
user985766671634283869,1900
user3828407387720623034,1900
user6482486883913044652,1800
user4644253532663610931,2600
user622943155886735072,1900
user1963383363302008220,2000
user6042744525045426264,2100
user8637665132542722587,2700
user6981398376944731920,1900
user6935521330404181538,1700
user2507053553676719175,1800
user8245251141065290457,1900
user5152767522247373230,1600
user6048550628088974841,2100
user4007137550375680082,2400
user4305432704820238773,2400
user8005453647491901302,2600
user6782791747892625466,1800
user3117160547577627048,1800
user4876795174170569834,2000
user4872108992151302153,2200
user2881489275511365126,2000
user4754329112508550640,2000
user1208705816589167741,2200
user7560806791387173350,2200
user6812600538840350682,2200
user1105214615517758940,2800
user4191230903468171831,1800
user49122529270000336,2000
user2587767218478561019,2100
user2539991975183747410,2400
user9034423660745123833,2300
user9213713783912321329,2200
user331119295608194192,2200
user4325638999215888958,2200
user230976040313930293,2000
user6063510779953216897,1600
user7098959941369641550,1800
user6213887435808698080,1900
user2478924644265415303,2300
user4286676159447470263,1700
user1160257528174700587,2300
user9209027601893053648,1900
user4288356040983891607,1800
user6735016504597811857,2400
user1342784084338284089,2000
user2650067555028687119,1700
user401672075172574758,1200
user6752653128946299471,1800
user4369961066123228879,2500
user7087006089988245831,2500
user2763709395868613613,2600
user5635038981878397098,2000
user4399209896558813647,2700
user8871874838290405048,2100
user415512306012535918,2300
user1826175464993588853,2300
user8150365845598132473,2300
user6275627811846683732,2000
user4175492475873947444,2000
user2062065052277692658,2400
user3259832903635296427,1800
user7609920270924109738,1900
user7948181138255341448,1900
user3812108999614258199,2800
user3848613682116273219,2100
user126601332902210375,2200
user8201489034670090984,2400
user7158347390751552313,1800
user8863622395276150582,2200
user929832398639846794,1800
user2412498086208161970,1800
user5173533777155163863,2600
user1599658241748020410,2200
user6267923512048871928,2300
user5329829620661706720,1800
user3413557505267922512,2400
user1145857336822598979,2600
user3633708664957801930,1900
user6234766775324001810,1700
user4189332706713908604,2200
user2264579587619084462,2400
user1673570784385243664,2300
user7539480575967242269,2000
user5801608795229914330,2100
user1462791988733899608,2400
user5448499288815199460,2500
user8076453302960909219,2400
user364949077452717855,1800
user7107212384383896016,1900
user6006021527325569361,2200
user8145119703066724344,1900
user4086401466154640251,1900
user6153161750184664538,2000
user1462573673516057725,2300
user1237394686512612061,1700
user4431028397041560986,1900
user9130988837748703161,1900
user2731672580168024391,1700
user6553268224164210686,1900
user595592522205413531,1900
user4521457643002990958,1800
user8269035513751625213,2100
user6744948829148487667,2100
user5230806286391723717,2500
user7146735184664455159,1800
user72565256662036527,2200
user2538312093647326066,2200
user3963375443980480609,2500
user702536899664296020,2600
user7219527806277397517,2900
user3458439532687402881,2200
user4700966081388030337,2000
user1559357165737478936,2000
user5289746859869007129,2300
user1838347631592826455,2500
user7021481137737431511,2200
user6429352413479309817,2100
user753784990639465414,2100
user8231192595007487414,2200
user5588383659607864385,2200
user1197093610502070587,1600
user2051012806702735952,1800
user9099170337265955822,2400
user4381791587428167916,2400
user7861889931096736495,2000
user1698681576018003413,2500
user4580958176992414818,2100
user2642581570448717198,1900
user4600604510875924555,2600
user4746294984712138057,2100
user8329201238863518307,1800
user4403896078578081328,2100
user3816795181633525880,2100
user3470830014504482366,1800
user4894213483301215565,1900
user2139543855909902697,2200
user5877076317500348045,3000
user1478312101110282112,1900
user4442080642616517692,2400
user7973976792303452528,2000
user1934912808596405783,2500
user7360520280798645552,1900
user4542223897910781591,2100
user2272843847929036714,2000
user867426831479391908,1800
user5482215986052210026,2200
user4382693193234606929,2000
user6325082936677918685,1900
user2628741339608756038,2100
user3777832341865107185,1700
user3096175977451994532,2200
user3702593380281458938,1700
user8627391162697748212,2100
user8338915248196352234,2000
user4970354050691302825,2100
user4008475786617802861,1800
user7460103575580769003,2100
user9197975356318096942,2300
user780234018514347942,2000
user1973534003070525913,1800
user7120162826713115949,1700
user5515372722777080144,1800
user4053804689941910581,2000
user5185259067849774114,2200
user3639733083219192390,2000
user2892541521086321832,2700
user317048932254693363,2100
user5685167151829285596,1900
user6510397478106506641,1900
user7087566050500386279,2000
user3892594103729314575,1900
user5596977747916417416,2200
user6328990842967204035,2000
user5354722097076624586,2100
user758471172658733095,2100
user2771755340960723982,2200
user7708165329464110410,2200
user6455023165624210014,2400
user7131556717582371220,1900
user2417184268227429651,1700
user9095044115758828589,2300
user422438330080365391,1700
user1788332546249451054,2100
user3690421213682221336,1600
user59614814332816594,2200
user5879647559374264817,2200
user7474173938934269832,2100
user5702585460959931327,2200
user5839233398756210246,2100
user5801048834717773882,2400
user4777771839900586831,1900
user7912578061559765441,1900
user4679308466142744276,2300
user7600547906885574376,2000
user2659439919067222481,2100
user241581409984259648,2000
user5260944905338049712,2100
user6737474661864215532,1900
user1456425925178210583,1700
user2743284786255121545,2400
user8379889369326547253,2300
user9010420972840947194,2100
user527486082611738854,2200
user7033871619554510996,1800
user982188593343599298,1700
user7281486497533225052,2100
user1482998283129549793,2300
user7159685626993675092,1900
user4565106664790677334,1900
user7131775032800213103,2300
user1457327530984649596,2100
user2859944744873592162,1900
user3447605602330288058,2100
user709794323557480473,2700
user3475516196523750047,2500
user6053018494890400639,1700
user1070719642550766043,1900
user6389269652686610226,2300
user3550536842889556411,1600
user6908057612115346900,1900
user1231588583469063484,1400
user2213891457156055516,2600
user7961473225878859946,1900
user1588605996173063704,1900
user1413118548684822772,2700
user6494099090000141806,1900
user983526829585722077,2000
user3438233238291752696,1900
user7597529789107030253,2400
user5757399812930087506,2100
user408038138728263783,2300
user8381009290350828149,2100
user2563434702575783601,2200
user8050004275086026691,2200
user5681600890834298811,1800
user8803220255480287709,1900
user5889361568707098744,1800
user3505654815470076042,1800
user8140981664263899325,1600
user5439905200506646429,1700
user1143959140068335752,1600
user3300807024765491446,1900
user1105774576029899388,1400
user2325305273243118004,2100
user2474456777463989505,2400
user6158066247421774102,2300
user3463685675218811010,2300
user1598879966018038079,1900
user1326485696231919254,2000
user6791615968714718166,1600
user7834757612633256837,1800
user4419416190954463832,2300
user5120170746034643560,2200
user4163320309274709842,2300
user8554940186379104419,2100
user3585031815856549308,1900
user1711413703129381463,2200
user3831755333497767936,1800
user4343057308346534689,1900
user1698463260800161530,2000
user8731660639499139344,2400
user3926092485748483258,1800
user3748470426822009320,2600
user7344781853204421165,2200
user5411994606313184440,1700
user66540838400646067,1500
user4796310070055513458,1800
user7472275742180006605,2100
user4880143119947714736,1800
user1798264870800126864,2000
user5219194080304626563,1900
user8329761199375658755,1800
user3653138255450223985,2700
user6741382568153500882,2300
user1347251951139709887,1700
user6191564629440942785,2400
user5924964645402674751,1900
user8687338572591799423,1900
user4984972557261246316,1900
user3611604173807888518,1800
user6335128345836107592,1900
user5122958731299648014,2600
user7213940018451690823,1600
user5146401458691684205,1500
user5338983669482400199,2000
user764837236214422120,1700
user8925581086531978117,2500
user5206803598487547078,1900
user6634873249303547958,2200
user1561815323003882611,1800
user1531893447448644298,1900
user3711965744319994300,2000
user6906159415361083673,2600
user6533061929768560501,1900
user7058204135457288414,2100
user2362369916257273472,1500
user5201775771173980832,2200
user2936303627481521305,2200
user5564039326409389181,2300
user3974646004773279198,1500
user3407751402224373935,1800
user7170290996664004447,2000
user5537030338022366205,1800
user2679876345976412335,2600
user5802728716254195226,1900
user2424328607513101007,2600
user1286071535613864683,2000
user879039037566489062,1900
user2178506695678321392,2300
user3109674562997657127,2000
user242141370496400096,2000
user8517875543364948951,1700
user9114130489130197878,2400
user9020913257903763452,2000
user2414396282962425197,2600
user411386084505408685,2500
user1126540830937690021,2600
user2643701491472998094,2200
user9119936592173746455,1700
user9115250410154478774,1900
user3183587105634880381,2000
user790507988359322317,2300
user7939027089434647969,2000
user8009361553781186652,2100
user820989824426701078,1900
user1550203116916785457,1800
user901143528716402474,2400
user4993796778083339016,2900
user6646485455390645112,2300
user6089741492610257542,2100
user8924348080900184124,1800
user8401215584746478334,1600
user301870465172609424,1800
user1788892506761591502,2500
user574047991567640567,2700
user3661172383246636568,2400
user4657545620287129429,2100
user8213101240757188138,2900
user1951211196702770618,2200
user2001339366653659116,2500
user3871609533603682059,1900
user398105814177587973,2100
user1194865585749206581,2000
user3426621032204655542,2600
user2482937781165029439,2500
user5591171644872868839,1900
user8181064425056598916,2000
user300750544148328528,2000
user3460337729441666108,2300
user1270551423237482179,2500
user2325086958025276121,2100
user3852179943111260004,1700
user2089415685959014199,2100
user3509232893760760613,1600
user905829710735670155,1900
user2703088940854908857,1900
user3677470771353001403,2400
user2895889466863466734,2400
user968908323015778586,2100
user1583919814153796023,2000
user3711405783807853852,1700
user2048554649436332277,1900
user1331171878251186935,1900
user390961474891916617,2300
user7031631777505949204,2000
user8446762803288427937,1700
user1675238848625967222,2300
user653081774833061067,2300
user6368285082560977710,2400
user3936024810299159068,1900
user8366938926997327320,2000
user1221096298406247226,2400
user1824277268239325626,2600
user6005461566813428913,2000
user8088625469560146821,2300
user6554606460406333465,2200
user1392239209169519042,2500
user4283669858964623926,2300
user8847324007169785747,1800
user8637105172030582139,2600
user8720390078706340755,2000
user2639793585183712744,2100
user64300996352084275,2500
user1585599695690217367,2600
user721406529644577627,1800
user3584813500638707425,2100
user4877355134682710282,2400
user1009539227024920839,2100
user3108006498756933569,2100
user3370686759210218467,1700
user5256818683830922479,2000
user4942661771715682719,1900
user4141775778636936878,2400
user3916378476415649331,2100
user87743723744120466,2000
user4532509888577947664,2500
user236676912747150084,1800
user8176378243037331235,2000
user2179626616702602288,2300
user3951763237893383455,2000
user8637323487248424022,2600
user2232429687310982143,1300
user5096168058130466921,1700
user990452853653551550,2300
user930505443759500339,1700
user3260051218853138310,1800
user6817628366153916928,2200
user7457315590315764549,2300
user4542442213128623474,2100
user7663956347164283586,2000
user7239392455378749137,2400
user6427454216725046590,2400
user7223094067272384302,2000
user5674456551548627455,1800
user5131862188015395,2000
user5989163178707064078,2100
user6679082231603374782,2100
user1467259855535325406,1900
user6881815082162608469,2400
user7662276465627862242,2100
user4492208812567406190,2000
user8861382553227588790,2100
user7789770354603447682,2800
user6117652086803719531,2700
user1635167905128965417,2400
user703875135906418799,2000
user7962811462120982725,2300
user8848102282899768078,1600
user7916922598284734557,1600
user5322343636081736799,1800
user8271493671018028888,1500
user1815683179930772595,2300
user8536961916736318240,2500
user3132898975171851435,2300
user7707605368951969962,2200
user3558801103199508663,1800
user5515485807384593241,2500
user5068257463937004932,2400
user1506222695303744101,2200
user314042631771847026,2600
user4492987088297388521,2000
user6898673430781113752,1800
user2150377786267017520,1600
user1913368277958632819,2000
user8856136410696180661,1700
user8038050423704630972,2100
user4732224621358637228,2200
user6504933020357256629,2000
user5653690296640836822,2100
user3127092872128302858,2200
user1689309211979468051,1700
user3221989984891158628,1900
user4756568954557112432,2100
user4635441129137216017,2300
user164444251646348174,1800
user25898117095806028,1900
user2759801489579328263,2000
user6895325485003968850,2500
user8947125617169751081,1800
user8807128161769573059,2000
user7325695479833051876,2200
user606644767780370237,2100
user5346128008768071555,2100
user8520663528629953405,2000
user6418300167904353111,1900
user1803292698113693110,2100
user4971132326421285156,2000
user3238506688215365346,2000
user4408923905891647574,2300
user8214781122293609482,2000
user5449059249327339908,2200
user155290202825654695,1700
user8341486490070269006,2100
user406918217703982887,1600
user2353110636826251207,2300
user5482434301270051909,1700
user641469568745963913,1700
user4169686372830398867,2200
user8882927083865361754,2000
user8144559742554583896,2000
user7274229073640040599,2800
user6721176273757850697,2000
user4298848326046707865,2100
user7954547201811030473,1800
user3485448521074425857,1600
user4403677763360239445,2100
user5096946333860449252,1800
user2512641341502425869,2200
user8311564614515030693,2200
user4464185133766431104,2700
user6767053320298401079,1700
user8670261908755452257,2500
user3095616016939854084,1700
user2947915833568618459,2000
user8075115066718786440,1800
user8784463710107519199,2000
user8357224917664493393,2800
user5531224234978817628,2000
user1133125209711220929,2600
user1809877076887224018,2300
user4519777761466569614,1900
user8296604462650788637,1900
user5973311666505326594,2100
user1406079440009480202,2100
user4665798063301383895,2100
user2595584602883885920,2600
user5085894088285492546,2100
user1724693973457202175,2800
user162764370109926830,2100
user6134623520029737911,2500
user2792958226304198381,1900
user1873172432558420131,1800
user3368788562455955240,1800
user1688189290955187155,2300
user2254865578286250535,1800
user5585583857047162145,2400
user3200663769471227547,1800
user8627951123209888660,1900
user6431580438232173823,1600
user7261496946528662549,2200
user2941891415307227999,2000
user8164984352168075964,2100
user450567239491669263,1900
user2377113324730427846,2400
user1456985885690351031,2800
user8264349331732357532,1800
user2111861822403226176,2200
user7320449337301643747,2200
user1185928280319600784,2200
user5357180254343028261,2400
user192013200545511598,1900
user3336970061973207901,2600
user4381013311698185585,1900
user2150596101484859403,2000
user1484336519371672572,2100
user1685731133688783480,2500
user5332835921144553057,2500
user1875525359214495020,1900
user155850163337795143,2400
user8573809816359386026,2200
user8166104273192356860,2000
user6459491032425635812,2600
user4325079038703748510,1900
user8222038546186793935,2200
user8989436402715314678,1600
user8231410910225329297,2300
user2872116911472829764,2000
user8896219171488880252,3200
user60953050574939373,1700
user6783351708404765914,2500
user804018391200682698,2300
user7362978438065049227,2200
user8351418814620944816,1700
user5987824942464941299,2700
user4030361962549874390,1500
user8768725282513294812,1800
user9220079847468010354,2000
user380127544534801794,1900
user1143617494774037187,2100
user1199551767768474262,2000
user4626287080316522538,1900
user8577376077354372811,2000
user1112140639585588413,2200
user6293594264193772125,2400
user1808538840645101239,1900
user1053748209324747663,1800
user2632649245898041388,1600
user6042184564533285816,1800
user1856874044452055296,2500
user7929654725396112607,2400
user3018697173819784493,2000
user1986939175301557508,2200
user768963457721549353,1900
user5092820112353322019,2300
user2742724825742981097,2000
user6771739502317668760,1700
user6887061224694016598,1800
user8065742702680251078,1900
user191234924815529267,1900
user5257596959560904810,2300
user4922124077494677554,2700
user1990733996983329761,1900
user7832859415878993610,2000
user4551036301437176505,2300
user8663895845199763232,2000
user2655873658072235696,2100
user5128204873831056143,2300
user2791060029549935154,2000
user6405008080280834613,2100
user3345016007065318270,2100
user694615856475396534,2100
user1837009395350703676,1800
user9096164036783109485,1900
user6778883841603340116,2300
user1084790005904266872,1700
user4305214389602396890,2100
user1981019987650495834,2400
user7918042519309015453,2000
user714480505576748154,2300
user8090305351096568165,2100
user466865627598034098,2000
user3986258210860376352,2900
user3007303282950529222,2100
user3689301292657940440,1700
user5395696218206819605,2600
user4652517792973563183,2200
user7485226184509226538,2100
user4294162144027440184,1900
user4654745817726427189,2400
user1248228616869726884,2000
user6124691195479062101,1800
user4201163228018847641,2800
user7835877533657537733,2200
user1074297720841450614,2100
user4156735930501178934,2500
user6746847025902750894,2000
user6268483472561012376,1800
user4823213827832207648,1800
user9187701386473122567,2200
user5573753335742223108,2200
user8066302663192391526,2200
user2529718005338773035,2700
user9198753632048079273,1900
user2121347271049274635,2200
user4636219404867198348,1400
user8621366744436357752,1800
user2821323550399472032,2300
user7450389566247935076,1800
user254873497607778146,2200
user1814563258906491699,2300
user3975205965285419646,2200
user5394244897357183729,2400
user528387688418177867,2500
user8378769448302266357,2100
user6736354740839934636,2200
user2199272950586112025,2300
user4190110982443890935,2400
user6025886176426920981,1900
user6031132318958329110,2000
user642029529258104361,2000
user2576714972903604313,2100
user1529218546791152941,2300
user4267589786076100974,2100
user2519225720275956777,2200
user576722892225131924,1900
user6482828529207343217,2000
user2524471862807364906,2100
user8327863002621395528,2200
user2858046548119328935,1700
user1926318720287852752,2000
user7215059939475971719,1700
user8632637305229156341,1700
user8906711456551696510,2700
user1028855732909829797,2300
user5412554566825324888,2300
user3553554960668100534,2400
user6464177214444903493,2500
user4167228215563995192,2700
user2893661442110602728,2700
user8478134427866547925,2300
user2881270960293523243,1700
user3825389269942078911,2400
user8983630299671766101,2700
user4905265728876172271,1600
user8896437486706722135,2100
user5157795349560939476,2400
user4800462362660415,1600
user4189892667226049052,2200
user7218967845765257069,2100
user3370468443992376584,3000
user3588939722145834658,2300
user8622145020166340083,1700
user901361843934244357,1700
user6203395150745881822,2300
user5520277220014189708,1700
user7608582034681986959,2200
user8274841616795173790,2000
user6291366239440908119,2100
user2650285870246529002,2000
user4003789604598535180,2200
user4506827319137349681,2100
user5259824984313768816,2500
user6769511477564804754,2000
user5610488150757777797,1700
user6038058343026158583,1900
user6493320814270159475,1600
user5197089589154713151,1600
user3826167545672061242,1700
user6746068750172768563,1900
user2831815835462288290,1900
user7312185076991691495,1800
user5464797676921564295,2000
user743511020794491039,2300
user1708395585350837340,1800
user2514539538256689096,1700
user9000488648290271384,1900
user3569293388262324921,1900
user8418852209094965948,1800
user7878301403810614427,1600
user7255690843485113972,1700
user3761315638540900467,1400
user2876243132979956997,2000
user6517323502174336114,1800
user6514305384395791991,2200
user4409483866403788022,2700
user3128772753664724202,1800
user4161422112520446615,2500
user6641799273371377431,1600
user7005182749631066676,1700
user2063744933814114002,2100
user4237780995128375758,2200
user3346124110793901380,2000
user6778105565873357785,1800
user2980294294563506246,2200
user3594745825189383235,2400
user5950087254331132286,1600
user4428240411776556532,2200
user4409702181621629905,2700
user7409975405629880505,1600
user5599435905182821091,2400
user8462396000272323538,2400
user4420194466684446163,2000
user4041072562830532531,2100
user8521783449654234301,1900
user6631306988308561173,2300
user3507553012224339269,2100
user6041966249315443933,2300
user2902815490931296207,1600
user5202335731686121280,2000
user5474170040960099657,1800
user588666498137584058,1800
user1352498093671118016,1900
user2684562527995680016,2100
user225169937270381716,2100
user321186971057518382,2300
user9208467641380913200,1800
user8258761543906650838,2100
user2109062019842523936,2600
user6885393160453293040,2500
user6103251895451617923,2100
user8817060486320248869,2200
user2441186956131606290,2100
user8153153830863136927,2700
user3705381365546463392,2200
user2804010471879155087,2000
user6999594961805359982,2000
user6892867327737565175,2000
user7708725289976250858,2100
user328101177829650069,2200
user970028244040059482,2200
user3820703087922811230,1900
user4055472754182634139,2000
user5397251197840030066,1600
user252633655559216354,1900
user5755948492080451630,1600
user6168340217266748477,2000
user1974435608876964926,2300
user3453971665885977083,2100
user6867414890810506861,2200
user6845870360172733897,2500
user1596651941265174073,2300
user2720060374080927237,2300
user6256311305961774774,2200
user7714189747725500870,2000
user7929094764883972159,1600
user6564880430251307840,2000
user2047446545707749167,2100
user638463268263117576,1900
user8732220600011279792,2300
user7094492074568215752,2300
user7351366231977952073,2100
user5580337714515754016,2300
user3986599856154674917,1900
user2506275277946736844,2400
user4883161237726258859,1700
user5723570031085563843,2100
user4223049403950919170,2200
user9133228679797264953,1800
user5371020485182989421,1900
user813390755239218060,2600
user5516824043626716020,1700
user8160298170148808283,2200
user5584245620805039366,1900
user907167946977792934,1800
user6949361561244142698,2200
user8702858684968181927,2200
user6946013615466997796,2100
user6801548293265393976,2200
user8710676069373506828,2200
user5060783296652732797,2000
user8885726886426063994,2100
user6421088153169357565,2000
user6210869318030153957,1800
user8708777872619243601,2200
user6140429623073286488,1800
user2469210634932581376,1700
user5696561042698540867,2100
user6202056914503759043,2500
user5301359065956104283,2000
user4635099483842917452,2000
user1597760044993757183,2100
user1222216219430528122,1700
user8407799963520009242,1700
user6013495694609841496,1900
user1995751578827952422,1900
user4530611691823684437,1900
user8120557054650407257,1900
user4389837532520278285,2100
user66759153618487950,2300
user3396139196137276781,1600
user3885336679836130122,2500
user8659209663180495551,2500
user1025837615131285674,1800
user770301693963672132,2300
user203065446120468304,2100
user4379893390673904689,2600
user7559686870362892454,2200
user8875452916581089619,2100
user1348030226869692218,2200
user1437121236588999411,2000
user7177217020731833920,1900
user5097287979154747817,2200
user8509051322542856251,1800
user4314026793128791804,2700
user4463625173254290656,1900
user5238840414188136300,2300
user9006854711845960409,2200
user1675798809138107670,2100
user6679642192115515230,2400
user2200051226316094356,2000
user3713645625856415644,2300
user2175488577899777269,2000
user2201171147340375252,2100
user1955337418209897851,1600
user3299127143229070102,1900
user8608074656812839254,2200
user2650627515540827567,2400
user2492435047106775684,2500
user5009535205677563403,2200
user2391171870788230889,1900
user5776486186301456795,2500
user4123237548482010251,2200
user8814167270444915629,1800
user2554610481753690901,1600
user572814985935846574,1900
user4531389967553666768,2000
user7145615263640174263,1800
user4470322636635334661,2200
user724194514909582081,2500
user6252963360184629872,2300
user6396195676754439699,2100
user7523182187860877434,1700
user8758451312668320437,2000
user6530043811990016378,2000
user51020726024263563,1700
user5676354748302890682,1700
user7878519719028456310,1900
user7901744131202650618,2500
user5651119054766920050,1700
user1279705472058175658,2100
user1383414988347426342,2300
user8507943218814273141,2000
user3310739349316167256,2400
user4877136819464868399,1900
user7900965855472668287,2300
user7107772344896036464,2400
user3331505604223957889,2400
user6132395495276873905,1900
user8721168354436323086,1800
user6651171637409912793,1800
user8606966553084256144,3000
user4101019972724583742,2100
user2605858572728860295,2100
user7833419376391134058,1900
user7702919186932702281,1600
user2197033108537550233,1500
user8305758511471482116,2300
user4585084398499542051,2200
user1585039735178076919,1600
user8973916290338932174,1900
user7400261396297046578,2300
user8791949694687489120,2000
user5559913104902261948,1800
user1999546400509724675,1400
user4248833240703332464,1800
user187108703308402034,1900
user6761247217254852502,1400
user5448717604033041343,1900
user4400329817583094543,2400
user4791063927524105329,2000
user4074010984337560766,2300
user6113857265121947278,2400
user8016505893066858008,1700
user6276735915575266842,1900
user1397485351700927171,2500
user4870989071127021257,1600
user4429908476017280090,1900
user8131827615443205846,2700
user6469423356976311622,2700
user7456195669291483653,2400
user1804070973843675441,2100
user8291699965413679073,1900
user8003442366130124978,2600
user3846933800579851875,2600
user7915584362042611778,1800
user6002890324939512141,1900
user4356120835283267719,2200
user6846430320684874345,2200
user3233820506196097665,2200
user3804964660328586843,2000
user5975539691258190600,2300
user5788658352900694397,2100
user6691254398202612384,2200
user2880710999781382795,2300
user1018923408359153987,1800
user6719278077003587470,1500
user5655918321393700828,2300
user3436553356755331352,2400
user8368058848021608216,2100
user4402557842335958549,2000
user6384583470667342545,1900
user5862676126148246437,2000
user6893987248761846071,1700
user4367733041370364873,2100
user3269765228185972237,1800
user5580679359810052581,1800
user2473005456614353629,1900
user3786986390685800664,1700
user8290020083877257729,2100
user1775600419138073004,1800
user2067311194809100787,2100
user2039960561127779246,2200
user6416620286367931767,2200
user2190118901765418546,2400
user5058325139386329122,2300
user4861056746576345447,2300
user4949027835271371744,2200
user8746060830851240952,2200
user4481716527504589932,1600
user7323237322566648201,2500
user8928929032309123019,1600
user449788963761686932,1600
user7812653121483343425,2000
user6707324225622191751,3200
user6492760853758019027,1700
user7324575558808770980,2100
user8714242330368493613,2100
user7109110581138159243,2200
user8301072329452214435,1700
user5600544008911404201,1900
user2683442606971399120,2300
user4734122818112900455,1900
user996258956697100127,1500
user120795229858661798,2100
user7471155821155725709,2300
user4736362660161462247,1900
user5778944343567860470,1500
user7682712892537052096,1800
user3447045641818147610,2000
user4304872744308098325,2600
user6359347777131371913,2300
user3837561436541316513,1700
user4926810259513945235,1800
user3876524276309735208,1900
user1198773492038491931,1700
user1812665062152228472,2200
user6657756016183443701,2200
user892549440407849443,2300
user721966490156718075,2400
user2782247626023540240,1700
user1243200789556160638,2100
user5244086556719544429,2000
user4509845436915893804,1900
user8845644125633364403,1800
user4393185478297423187,2200
user6284440215373078646,1800
user2975826427762080448,2600
user6968678067129051656,2100
user5234154232168868619,1800
user1945405093659222041,1900
user4504039333872345227,2100
user3963935404492621057,2200
user38848559425025961,2100
user7813554727289782438,2400
user946803831865865174,2200
user4042192483854813427,2100
user4174372554849666548,2100
user55488592825689361,1400
user6768951517052664306,1900
user9215393665448742673,1800
user3838899672783439292,1900
user741612824040227812,2100
user5811541119780590140,2000
user8562644486176916223,2400
user2504047253193872838,2600
user1630916781718627301,1400
user2678756424952131439,2100
user3930996982985592822,1700
user5447939328303059012,2000
user9169391717004981408,1600
user2716152467791641887,2300
user2544678157203015091,2000
user7230238406558055658,2200
user2908279948680546219,2400
user3248780658060339721,1800
user5860217968881842762,2100
user8544106256021989596,2200
user2055480673504161750,2300
user5689635018630711394,1900
user5049171090565635643,1900
user58494893308535698,2300
user7746786523938230540,2800
user3737418181247052614,2300
user3447387287112446175,1900
user7666414504430687261,2000
user4590672186325248745,2200
user1426068991014042705,2200
user8005235332274059419,1900
user3832875254522048832,2400
user7635372707851168052,1900
user8534173931471313786,2200
user848900418620163067,2400
user1827295386017869749,1600
user547692377007389039,2000
user4608308810673736359,2300
user2833154071704411069,2000
user2188780665523295767,1600
user4085063229912517472,1800
user2054360752479880854,2000
user8038610384216771420,2100
user1973875648364824478,1900
user6543554214831376759,1900
user1775942064432371569,1800
user5976099651770331048,1700
user3462565754194530114,1700
user5684388876099303265,1800
user5736862118709082341,1900
user2765047632110736392,2200
user4718944351030816516,1900
user6141549544097567384,1600
user1458665767226772375,2600
user3303595010030495900,1900
user7571517391667831491,2000
user1876863595456617799,1900
user8712904094126370834,2000
user1361870457709653378,1800
user2896449427375607182,1900
user4288014395689593042,2400
user4062617093468305495,2400
user957856077440821880,1900
user1835329513814282332,1900
user578734173586908248,2100
user4634539523330777004,2200
user548812298031669935,1900
user7350027995735829294,1700
user4064296975004726839,1800
user6053578455402541087,1400
user2491315126082494788,1600
user4036946341323405298,1900
user5790338234437115741,2500
user1539150871341828751,2100
user6377999091893811637,2400
user6077581143306717726,2200
user8040290265753192764,2400
user1568741347071712084,2000
user8969790068831804941,2100
user8837609997836951820,1900
user379909229316959911,2100
user2766167553135017288,1800
user3573201294551610271,1600
user381247465559082690,2000
user131847475433618504,1900
user5947629097064728611,2200
user2777219798709973994,2200
user5778384383055720022,1500
user616358777113204164,1800
user1688749251467327603,2100
user5354940412294466469,1900
user5254018881270220239,1500
user7703697462662684612,2200
user7584249518779209541,2000
user7423598893078753983,1900
user6868534811834787757,1600
user4050786572163366458,2100
user3473058039257346372,2100
user3518386942581454092,2300
user9122954709952290578,2300
user9221418083710133133,1800
user9121056513198027351,2100
user2323407076488854777,2100
user4299968247070988761,1500
user8396529402727210653,2200
user1182133458637828531,2200
user4459157306452864858,2100
user6200377032967337699,2600
user5167167713599474838,1700
user2065972958566978008,2200
user1825957149775746970,2800
user1996871499852233318,2100
user5097506294372589700,1700
user7697673044401294152,2000
user4223267719168761053,2100
user4634881168625075569,1900
user7916144322554752226,2000
user8086727272805883594,2100
user3732172038715644485,1800
user3348363952842463172,1700
user3085342047094879709,2000
user4281989977428202582,2400
user7829293154884006825,2300
user1342005808608301758,1700
user8753205170136912308,2000
user1819809401437899828,2000
user555396676805200843,1700
user2459838270894046014,2300
user7411986686991656829,2300
user2891981560574181384,1900
user5816008986582015938,2600
user8379671054108705370,1800
user6983078258481153264,2100
user1469158052289588633,2300
user5673896591036487007,2300
user3001497179906980645,2300
user7902304091714791066,1700
user1406857715739462533,2100
user9090357933739560908,1700
user5663062660679372184,2600
user732458775219534333,1900
user5343669851501667880,2500
user2089197370741172316,2000
user2781905980729241675,2200
user6993570543543969522,2000
user7050843052780529376,2400
user2717832349328063231,1900
user5836993556707648454,2600
user4491867167273107625,1900
user3612382449537870849,1600
user1989614075959048865,1800
user8664455805711903680,2100
user7229460130828073327,1800
user9197415395805956494,2500
user8051342511328149470,2000
user3824829309429938463,2000
user4832586191870743010,2000
user6878248821167621684,2200
user4482494803234572263,2100
user2077025204141934714,2900
user1699241536530143861,2000
user2803450511367014639,1800
user8155052027617400154,2000
user8054348811810995807,2300
user6783911668916906362,2000
user4541322292104342578,2200
user8932942169208737155,1900
user7234706273359481456,2300
user3804623015034288278,2000
user6163872350465322679,2100
user2742164865230840649,2600
user3233602190978255782,2400
user5823153325867687294,1800
user2944784631182561239,2200
user3343117810311055043,1800
user6389829613198750674,1900
user5273895347667269645,1800
user5481656025540069578,2500
user4545790158905768376,2000
user8752645209624771860,2100
user3776712420840826289,2100
user9072939624608915177,1900
user8747180751875521848,2000
user4047998586898362004,2100
user4050226611651226010,2400
user8896779132001020700,1600
user199499185125481519,1900
user6256871266473915222,2400
user7072387583418302340,2200
user5414109546458535349,2200
user6168558532484590360,2400
user1588947641467362269,2000
user675964541712956810,1900
user7636824028700803928,1800
user1798606516094425429,1600
user345737802178137683,1900
user6378777367623793968,1800
user5236612389435272294,2000
user6991890662007548178,1900
user301310504660468976,1800
user5311851351018920541,1600
user9145059201102203990,2300
user6645365534366364216,2200
user8846204086145504851,2400
user8930267268551245798,1600
user8214221161781469034,2200
user5663622621191512632,2200
user4781679746189872181,2700
user1693777078780893849,2000
user1105556260812057505,1900
user6379897288648074864,2000
user918001877334907757,3100
user2155282283504127084,1700
user983868474880020642,2500
user54586987019250348,2100
user8924129765682342241,1700
user6846990281197014793,1700
user6184638605373113312,1600
user1720786067167916825,2100
user1297123781188821389,1500
user5349694269763058340,2200
user4653637713997844079,2200
user70107099395632852,1400
user1711973663641521911,1900
user5954213475838259519,2500
user5470603779965112872,2100
user8790829773663208224,1800
user3925750840454184693,1900
user2864972572187158408,1900
user4233313128326949960,2200
user8055250417617434820,1900
user7350806271465811625,1700
user6054916691644663866,2300
user7226672145563068873,2000
user174376576197023984,1800
user1321799514212651573,1900
user6174146320310297054,1600
user4766719594325630125,1900
user7715309668749781766,2300
user8403113781500741561,2000
user7688518995580600673,2400
user3046720852620759579,2000
user4904705768364031823,1800
user1056319451198664435,1900
user7917482558796875005,2000
user6509059241864383862,2500
user6745727104878469998,1800
user764495590920123555,1600
user5155555507512377684,2000
user9007632987575942740,2000
user3394024255991925872,2100
user4640127311156483698,1400
user323974956322522836,2300
user5850285644331166952,1900
user1962481757495569207,2300
user6741600883371342765,2200
user6984416494723276043,1800
user4578946895630638494,2200
user2221595756953867320,2000
user423216605810347722,1800
user7610480231436250186,2200
user4158074166743301713,2100
user3563268970000934461,1900
user7573197273204252835,2300
user3070163580012795770,1900
user7710623486730514085,2200
user7950639295521745123,1700
user8511851125103558491,1800
user882057155345033185,2400
user7258708961263658095,1500
user3145071141771089037,2100
user410826123993268237,2200
user5624546696815580840,1700
user8340595129732773578,2000
user4969794090179162377,2400
user5371580445695129869,2300
user7717537693502645772,1400
user1460893791979636381,2100
user61513011087079821,2100
user8269253828969467096,1900
user3041019980187539788,2100
user2945904552206842135,1900
user2129611531359226887,2400
user8202048995182231432,2200
user3409544368368308376,2200
user8312124575027171141,2500
user6173586359798156606,2400
user3094496095915573188,2200
user2046326624683468271,1900
user412164360235391016,1900
user8258201583394510390,2400
user7232478248606617450,2100
user8792168009905331003,2300
user4837614019184309256,2100
user1872612472046279683,2600
user7793348432894132253,1900
user8358904799200914737,1600
user65980877888505619,1700
user2776099877685693098,2300
user4656425699262848533,2000
user1368796481777482851,1600
user4735242739137181351,1700
user6682773394501572450,2100
user5559134829172279617,1900
user8187430488612287941,2000
user7567951130672844706,2200
user575043010688710580,2400
user2916325893772656588,2300
user984086790097862525,1800
user9083991870183871883,2800
user1603566148037305760,1800
user3745682441557004866,1800
user6583190099719448999,1800
user8504365140523588570,2200
user4288916001496032055,1900
user5499852610400697640,1800
user6389611297980908791,2000
user8390381654389363511,1600
user8793287930929611899,2000
user7158565705969394196,2200
user4083943308888236576,1600
user703656820688576916,2200
user7230020091340213775,1700
user5197649549666853599,2200
user6408915986570119963,2000
user4172474358095403321,1800
user1422490912723358134,1900
user3585591776368689756,2000
user5921958344919828414,1700
user1989832391176890748,2200
user3349702189084585951,2100
user1303261284057724946,2000
user7005961025361049007,2600
user2782465941241382123,2100
user5237720493163855404,1900
user8483380570397956054,2300
user5385090848536490250,1900
user3635719946319578254,1600
user3612164134320028966,2000
user7340655631697293932,2100
user5647105917867305914,1600
user1331731838763327383,1700
user6031473964252627675,2000
user3307608146930110036,2100
user9083213594453889552,2200
user1109682482319184738,1800
user6453684929382087235,2000
user4745175063687857161,1900
user1418023045921932336,2100
user6882935003186889365,2700
user3932116904009873718,1800
user8562757570784429320,2000
user4112413863593839013,1800
user2072898982634807481,2000
user4127705415283436049,1900
user3678809007595124182,2100
user5062451360893456355,1700
user8480592585132951600,2200
user578061128467254703,2100
user4550476340925036057,1800
user4882041316701977963,2000
user2001557681871500999,2300
user6895107169786126967,2200
user5788098392388553949,1700
user506283197268264455,2100
user263467585916331177,2200
user7570957431155691043,2300
user8795515955682475905,2300
user3117720508089767496,2200
user4339262486664762436,1900
user221043715763254483,2200
user1081771888125722749,1700
user1759643676326006734,1900
user1730500076500750752,1700
user3196537547964100314,1900
user6522009684193603795,1800
user5127644913318915695,2500
user6003781685277007569,2300
user4646493374712172723,2000
user8610314498861401046,1800
user9072379664096774729,2100
user1127660751961970917,2200
user1525092325284025708,2200
user4931838086827511481,2800
user6406128001305115509,1700
user2408030219406736172,2300
user7807966939464075744,1800
user243821252032821440,1400
user4697399820393043552,1900
user6762367138279133398,2000
user1910020332181487917,1900
user6861950433061256849,1800
user8506263337277851797,1900
user4224500724800555046,2300
user1731619997525031648,2500
user3093936135403432740,1700
user6058824597933949216,2600
user2996032722157730633,2300
user6223932844966886987,2100
user5460889770632278945,2100
user6583750060231589447,2000
user7188269266306790626,1900
user4608868771185876807,2000
user6862510393573397297,2400
user2199832911098252473,1900
user5070715621203408607,1900
user7839225479434682635,2200
user7336187764895868134,2000
user362709235404156063,2400
user86965448014138135,1500
user6065968937219620572,1900
user4855250643532796870,2100
user6111845983760170954,1900
user4181846722133938683,1700
user7839785439946823083,1700
user7913916297801888220,2100
user5106100382681142731,2400
user2039400600615638798,2400
user7891811806651974808,1700
user4215003458858808801,2400
user1007871162784197281,1800
user6818301411273570473,1900
user8857474646938303440,1800
user5041353706160310742,1900
user4276183874384654005,2300
user3696787277237910361,2200
user2578394854440025657,2000
user3332625525248238785,2100
user2199491265803953908,2100
user2880151039269242347,2000
user6758459231989848048,2000
user6938414546279514778,2400
user1937370965862809458,2100
user7749139450594305429,2000
user3776494105622984406,1900
user7108892265920317360,2100
user5334515802680974401,2100
user6294154224705912573,2200
user4560420482771409653,2000
user5687406993877847388,2000
user4327537195970152185,1700
user2254087302556268204,2300
user4028122120501312598,2400
user7048271810906612604,2500
user2584314042091087331,1900
user8064622781655970182,1800
user2450341004952299769,2700
user3177999317809173687,2300
user6797535156365779840,2500
user2942109730525069882,2300
user5026953514808209134,2000
user6075341301258155934,2400
user5223320301811753796,2200
user3821481363652793561,1800
user3162147805607436203,1800
user3231922309441834438,2000
user5435767161703821410,2300
user4072331102801139422,2000
user4755667348750673419,1800
user2307108688382489942,2200
user3321013319161141631,1900
user8027899783936113279,2100
user7862108246314578378,1900
user8962085769033993137,2000
user5194071471376169028,2100
user9110004267623070645,1700
user1232148543981203932,1900
user8177156518767313566,1800
user2403344037387468491,2200
user2419424110275991443,2200
user8415834091316421825,2200
user565110686138034770,2500
user1107454457566320732,2000
user8757673036938338106,1900
user3371028404504517032,2100
user7120722787225256397,1800
user2924919982081209619,1900
user4303534508065975546,2200
user8505703376765711349,1900
user1257041020396121798,1900
user1753724488674945060,1600
user994360759942836900,1900
user2276191793706181616,2100
user7230580051852354223,2400
user7889353649385571133,2300
user6993228898249670957,1900
user1992185317832965637,1800
user3419476692918984186,2200
user6682100349381918905,1800
user163884291134207726,2000
user9104976440309504399,1500
user7511238581948425300,1600
user2950703818833622913,2300
user421878369568224943,1900
user3085123731877037826,2300
user8087287233318024042,2300
user3589499682657975106,1900
user40528440961447305,2100
user6075682946552454499,1900
user1770695921900963440,2200
user7613268216701254640,1900
user3805182975546428726,2200
user6658875937207724597,1900
user2890083363819918157,2300
user8190996749607274726,2200
user5767113822262921433,2100
user7917824204091173570,2000
user6312132494348698752,2300
user2029468276064962988,1800
user7311625116479551047,2000
user2729444555415160385,2400
user4338371126327267008,2100
user5225000183348175140,1900
user5772919925306470010,2500
user2110181940866804832,2200
user7032751698530230100,1900
user2313474751938178967,2000
user7074055647659025898,1700
user5828741113693393988,2000
user7325135519320911428,2100
user1484896479883813020,2100
user7114356723669567372,2100
user4893995168083373682,2800
user1571529332336716538,2100
user3454531626398117531,2400
user6316818676367966433,2000
user4746854945224278505,2400
user6395635716242299251,1700
user5828959428911235871,2000
user2975266467249940000,2200
user6290806278928767671,2300
user842534355064474042,1900
user8608634617324979702,1800
user8440396739732738912,1900
user5685727112341426044,2000
user2171922316904790484,2100
user4283328213670325361,1700
user6356672876473880556,2200
user6746287065390610446,1700
user8080361209250194569,2100
user5526196407665251382,1900
user1942057147882077139,2600
user1673010823873103216,2100
user6142887780339690163,1800
user2658879958555082033,1900
user6453124968869946787,2700
user2721958570835190464,1900
user8864400671006132913,1900
user1803852658625833558,2200
user2156402204528407980,1700
user4481934842722431815,1900
user7527308409368004667,2800
user5901752050524178229,1800
user2451460925976580665,2200
user448669042737406036,2000
user744070981306631487,1900
user644487686524508036,2300
user8185190646563726149,2100
user3297675822379434226,1900
user9106096361333785295,1800
user5032872702459270808,2100
user8091413454825151275,1400
user3436895002049629917,1600
user3050733989520373715,2100
user6164432310977463127,1500
user6015735536658403288,1500
user2276410108924023499,1500
user1820369361950040276,1900
user2996251037375572516,1800
user3529552272763923895,2200
user4689582435987718651,2100
user5113244721966814087,1900
user9188261346985263015,2000
user5338642024188101634,1500
user3408642762561869363,1800
user6269821708803135155,2400
user2237447269155604804,2100
user4156175969989038486,2000
user6827000730192452290,1900
user4202283149043128537,2800
user733018735731674781,2400
user6118885092435513524,2000
user8692366399905365669,2000
user2193125202248264883,2100
user5128764834343196591,2500
user8328422963133535976,2200
user1797704910287986416,2100
user6570686533294856417,2100
user2217582620054253184,1500
user1336977981294735512,2000
user2488856968816091113,2200
user3677689086570843286,1900
user8120775369868249140,2600
user5611596254486360907,2100
user3210377778804061474,2000
user1901756071871535665,2000
user9100290258290236718,1400
user3827287466696342138,1700
user1495170449728787395,2000
user6928263906510997085,2300
user5217855844062503784,2000
user1903094308113658444,1700
user3424162874938251867,1800
user6654189755188456916,1900
user6028126018475482773,2500
user3254026800591747850,3000
user6557394445671337919,2200
user1755062724917067839,1900
user3816016905903543549,2000
user7840345400458963531,1800
user2052132727727016848,1800
user869884988745795583,1900
user7054190998557674278,2200
user4615234834741565832,1900
user8843416100880500397,2200
user2424110292295259124,2500
user2061505091765552210,2000
user7413666568528078173,1800
user352776910853480253,2600
user8834591880058407697,2400
user6157506286909633654,2000
user6554388145188491582,1800
user4755449033532831536,1900
user1802732737601552662,1900
user858832743170838877,1800
user2061286776547710327,1700
user7499066415349187698,2300
user6632085264038543504,2000
user7157787430239411865,1800
user4005904544743886089,2500
user4733562857600760007,1900
user5386198952265073360,2100
user468658593741968539,1900
user7712851511483378091,1900
user1445715324897552442,2100
user7199321511881747332,2700
user3001838825201279210,2400
user201167249366205077,2100
user7260936986016522101,2000
user2566782648352928503,2000
user2643141530960857646,2400
user7357732295533641098,1800
user8088407154342304938,2400
user5347796073008795113,2800
user7400934441416700123,2500
user6575591030531965981,1600
user4381573272210326033,2900
user4650059635707159508,1900
user4528371849775122645,2200
user6396755637266580147,2200
user8242463155800286003,2400
user6576710951556246877,2400
user7355834098779377871,1700
user6586756360714435784,1700
user2597264484420307264,1700
user6733336623061390513,2100
user4354782599041144940,2000
user8753765130649052756,2100
user1885675998983012713,2700
user5726917976862708745,1900
user5711739509780624806,2000
user4642025507910746925,1900
user5998877188039898005,1900
user8163646115925953185,1900
user230757725096088410,2300
user2287803999793278770,1500
user7088685971524667175,2000
user3564607206243057240,2800
user4399769857070954095,2000
user2799324289859887406,2300
user6872442718124073107,2100
user8383797275615832603,2200
user5520058904796347825,1500
user2413618007232442866,1700
user3800496793527161045,1800
user8917763702126653216,2300
user3902308113062148502,2300
user7571299076449989608,1900
user1046387126647988625,2000
user1288642777487781455,2100
user3268210248552761776,1900
user5590051723848587943,3300
user1401953218502352969,1800
user7136242899601638901,2300
user8538081837760599136,1900
user1135913194976225383,1800
user8452681990939489611,2800
user1269431502213201283,2300
user6179392462841705183,2000
user7224773948808805646,1700
user3346684071306041828,1900
user5096386373348308804,2100
user6103706625353429585,2400
user4177160540114671002,1600
user3326477776910391643,1800
user5246544713985948104,2000
user7197081669833185540,2400
user2267597705397628585,2100
user5575091571984345887,1900
user7230798367070196106,2700
user7912796376777607324,2600
user8445642882264147041,2100
user1734078154791435323,2200
user8265127607462339863,1800
user2338710445474149599,1400
user497129148447570976,1800
user2765389277405034957,2000
user4919665920228273879,1900
user2549924299734423220,2200
user2050234530972753621,2200
user1583359853641655575,1600
user2606076887946702178,1600
user2282216211967572076,2000
user4651397871949282287,2000
user7229678446045915210,2200
user3019475449549766824,1900
user3335631825731085122,1800
user8697052581924633350,2300
user5562141129655125954,1800
user1557689101496755378,1600
user5053857272584903324,2200
user9005953106039521396,2900
user3002057140419121093,2200
user8042518290506056770,1800
user7960353304854579050,2100
user4382351547940308364,2500
user7583689558267069093,2200
user6980838416432591472,2000
user4971692286933425604,1700
user2617689094033799332,2000
user2760921410603609159,1800
user2198712990073971577,2400
user8141541624776039773,2300
user6635433209815688406,2100
user8496331012727175987,2300
user2162208307571956557,2100
user3172534860059923675,1700
user494889306399009184,2300
user2631529324873760492,2300
user8156171948641681050,2200
user9044137670077957760,2300
user8609972853567102481,2500
user1620984457167951491,2000
user1101648354522772155,1900
user6370513107313841716,2700
user9010980933353087642,1800
user7624320462276211346,1900
user648613908031635269,2000
user4643693572151470483,2000
user2903033806149138090,1800
user2237675829842390272,2100
user2832594111192270621,1800
user8654181835866929305,1700
user1462013713003917277,2700
user3805742936058569174,2000
user8292478241143661404,2100
user4238900916152656654,2700
user973034544522905819,2300
user311242829211144786,1500
user2791619990062075602,1700
user6180170738571687514,2000
user4031140238279856721,2100
user6619913097439305902,2100
user2506835238458877292,1900
user3695107395701489017,1900
user6316258715855825985,2800
user7323455637784490084,2300
user6873780954366195886,2400
user3347244031818182276,1800
user8505485061547869466,1500
user1408090721371256526,1600
user4753769151996410192,2400
user4905047413658330388,2200
user1758970631206353189,1900
user8439618464002756581,2100
user366504057085928316,2500
user3128212793152583754,1900
user28356274362209703,2700
user7477521884711414734,1700
user2866870768941421635,2200
user8484158846127938385,1800
user7562145027629296129,2200
user4882382961996276528,2100
user60393090062798925,1800
user1632036702742908197,1700
user2529158044826632587,2800
user4252411318994017035,2200
user9022033178928044348,1800
user3117938823307609379,2500
user6113638949904105395,2300
user4859936825552064551,2100
user8086167312293743146,2200
user8213661201269328586,1800
user7634812747339027604,2100
user5445151343038054558,2300
user7863009852121017391,2000
user439514993916712557,2200
user8758232997450478554,2000
user1230810307739081153,2400
user857152861634417533,1600
user4203951213283852095,1700
user289698298573371822,1400
user5012323190942567857,1800
user5691533215384974621,1800
user3073729841007782555,2000
user5222760341299613348,1900
user7899285973936246943,2000
user6505151335575098512,1900
user4627955144557246096,2000
user6823765869022820485,2100
user820429863914560630,1800
user1343344044850424537,2000
user4304094468578115994,2500
user1684623029960200370,2500
user2970020324718531871,2400
user5635598942390537546,2200
user2871556950960689316,2100
user4067084960269731293,2400
user2843646356767227327,1800
user1172201134087152721,2200
user8270373749993747992,2200
user2035834339620652013,1900
user5008415284653282507,1500
user3982805034472902664,1600
user974154465547186715,1900
user2732792501192305287,2800
user6641457628077078866,2000
user313482671259706578,2000
user6896445406028249746,1600
user7824047012352598696,1700
user965890205237234463,1900
user1722465948704338169,2000
user8721728314948463534,1800
user5465357637433704743,1600
user1689869172491608499,2300
user720286608620296731,2200
user5681040930322158363,2600
user1372922703284610084,2300
user2512859656720267752,2100
user9109444307110930197,1700
user302990386196890320,2500
user4387939335766015058,2200
user3438793198803893144,2100
user4744956748470015278,2900
user8653963520649087422,2000
user1324027538965515579,2300
user7473613978422129384,1900
user4631533222847930667,2400
user765615511944404451,2100
user524479782128892517,2700
user8312684535539311589,2000
user72005296149896079,2100
user4606410613919473132,1900
user3469150132968061022,1700
user5912244335586994487,2400
user7472494057397848488,1600
user8495211091702895091,2000
user6305984746010851610,2200
user1822049243486461620,1700
user5084555852043369767,1800
user5937915087731894684,2400
user6383805194937360214,1700
user6086735192127411205,1900
user7757733538902858460,2800
user7792228511869851357,2200
user8469540339557994894,2200
user1483558243641690241,1900
user8989094757421016113,1600
user5713637706534888033,2300
user3418243687287190193,2700
user7456755629803624101,1800
user8837050037324811372,2200
user3001278864689138762,2200
user7129316875533809428,2000
user5043924948034227514,2600
user2087517489204750972,1700
user4015961771197772782,2100
user7641738771406857077,2100
user7455977354073641770,1900
user8778657607063970622,2200
user2870437029936408420,2500
user8643689550804113047,1800
user1950651236190630170,2100
user2656651933802218027,2000
user3134018896196132331,1700
user5657256557635823607,1700
user1953109393457033845,1900
user1823717307727185178,2200
user7236604470113744683,2400
user1777280300674494348,2200
user859392703682979325,2200
user3497402372455821576,1900
user8678639253672917606,1700
user6856922605747690603,1600
user3353268450079572736,1900
user6141767859315409267,2100
user7249884740441565395,1900
user4657203974992830864,2800
user3822041324164934009,1800
user6138201598320422482,1800
user854146561151571196,1800
user668820202427285454,2100
user6062390858928936001,2200
user405020020949719660,2200
user888411401605024424,1800
user8565992431954061125,1700
user895337425672853897,1900
user7869147354989920948,1900
user4403117802848098997,2500
user6212549199566575301,1900
user7218626200470958504,1900
user3249340618572480169,2200
user3257044918370291973,1700
user6668589946540558524,1900
user3427740953228936438,2000
user1242422513826178307,1600
user2876024817762115114,1800
user1879869895939464136,2600
user1336199705564753181,2300
user2467199353570805052,2300
user1951429511920612501,1900
user8894539289952458908,1500
user3236608491461102119,2100
user3311299309828307704,1800
user1156909582397555685,1800
user3700695183527195711,2100
user1252354838376854117,1800
user2139325540692060814,2100
user4873228913175583049,2000
user7753152587493919565,1900
user4039734326588409752,1400
user3715873650609279650,2000
user9011759209083069973,1600
user2692036695279952151,1400
user4257097501013284716,2000
user2627403103366633259,1900
user5028621579048932692,2100
user6845310399660593449,2200
user7917264243579033122,1700
user8565432471441920677,1900
user5695659436892101854,1900
user1357962551420368028,1800
user8181624385568739364,1900
user8369397084263730995,1700
user3688523016927958109,1600
user4356680795795408167,2300
user8075675027230926888,2000
user2085849424964027414,1800
user4645591768905733710,2300
user6863288669303379628,2000
user6515425305420072887,2000
user4204511173795992543,2200
user4155616009476898038,2100
user4040294287100550200,1700
user8773411464532562493,2100
user6402001779797988276,2300
user7537582379212979042,2200
user3237946727703224898,2300
user2452239201706562996,1500
user529725924660300646,2200
user3871496448996168962,2000
user5736302158196941893,1900
user7259268921775798543,2400
user540778170235257352,2600
user6594242345294405705,2500
user8044976447772460445,1600
user616017131818905599,1800
user6753773049970580367,1800
user1836449434838563228,2800
user6492979168975860910,1800
user4297728405022426969,1700
user3596425706725804579,1900
user4752661048267827082,1900
user4176600579602530554,2100
user7397368180421713338,2000
user4514313303717319602,2100
user1840575656345690461,1900
user8812934264813121636,2400
user7780056345270613755,1900
user2278089990460444843,1900
user3126532911616162410,2400
user774987875982939813,2000
user2281437936237589745,1900
user4178280461138951898,1900
user9004054909285258169,2100
user7797474654401259486,2100
user1687411015225204824,2200
user6998816686075377651,1800
user6994130504056109970,1700
user8394849521190789309,2000
user1424730754771919926,2200
user3858546006666949029,3000
user1721127712462215390,1700
user7530543270537636472,1500
user3227454442640408640,1600
user2342723582373763735,2100
user6948241640219861802,1700
user2675738307173587316,2000
user645047647036648484,1700
user1166395031043604144,2600
user8943994414783693861,2200
user3676910810840860955,1600
user450348924273827380,1600
user2366061079155471140,2100
user5185477383067615997,1700
user1226902401449795803,1700
user6877128900143340788,2200
user2618809015058080228,2100
user7223654027784524750,2300
user8988316481691033782,2300
user5602223890447825545,2200
user6130497298522610678,1800
user8220918625162513039,2000
user5198209510178994047,2300
user4413610087910915255,2200
user9005174830309539065,1600
user7186589384770369282,1600
user808704573219950379,2300
user4419976151466604280,1800
user6844532123930611118,2600
user8384357236127973051,2300
user7942934995723933319,1800
user792966145625725992,1800
user2654753737047954800,2000
user9122176434222308247,2200
user1207585895564886845,1500
user6611100693912910988,1700
user8289460123365117281,1900
user9088118091690999116,1700
user3683836834908690428,1600
user874571170765063264,2100
user6504591375062958064,2200
user5702367145742089444,2300
user8026998178129674266,2300
user5868595313799308111,1800
user2590120145134635908,2700
user6258769463228178449,2100
user7840003755164664966,2400
user5984476996687796397,2500
user6630405382502122160,2300
user5129884755367477487,1900
user3877975597159371084,1900
user6652291558434193689,2000
user4776433603658464052,2000
user3299468788523368667,1700
user2822101826129454363,1800
user7167719754790087675,1900
user3119058744331890275,2100
user5364094461115159948,2100
user412506005529689581,1800
user1141719298019773960,2200
user1218638141139843551,2200
user7382064811436418516,2100
user7021699452955273394,2900
user6185758526397394208,2400
user8421640194359970402,2300
user6427672531942888473,1900
user3690981174194361784,1700
user3128991068882566085,2000
user7976651692960943885,2100
user6893427288249705623,2100
user9122394749440150130,2200
user8905031575015275166,1800
user8507383258302132693,1900
user3498180648185803907,1800
user6506831217111519856,1900
user4304654429090256442,2100
user5388657109531477035,2000
user380687505046942242,2300
user2402005801145345712,1600
user2463291447281519702,1900
user4733344542382918124,1700
user2280318015213308849,1800
user5355500372806606917,1600
user4582078098016695714,1900
user6083387246350266303,1800
user6174924596040279385,2200
user175496497221304880,2300
user7955325477541012804,1700
user2324526997513135673,2100
user7802502481714825732,1900
user150604020806387014,2300
user1356624315178245249,1900
user8983848614889607984,1900
user4541103976886500695,1800
user3727144211402078239,1800
user7675786868469222623,2000
user6231418829546856908,2300
user759031133170873543,1900
user2287244039281138322,2000
user5020369136034678226,1600
user5487462128583618155,2200
user3476076157035890495,2300
user7481088145706401519,2200
user8028118099153955162,2000
user5323463557106017695,2000
user7021139492443132946,2200
user7526748448855864219,1800
user7237164430625885131,1900
user3948415292116238553,2100
user2541330211425870189,2400
user1382306884618843232,2000
user5382291045975788010,1700
user8960405887497571793,1600
user7643190092256492953,2000
user36950362670762734,1700
user1710293782105100567,1900
user9162030634328222370,1900
user2994912801133449737,2200
user2392851752324652233,1800
user8038392068998929537,2100
user7598868025349153032,2200
user3348582268060305055,1800
user3370126798698078019,2200
user4778891760924867727,2400
user2255985499310531431,1800
user2990786579626322504,2200
user1974653924094806809,2200
user9088459736985297681,1800
user2958749763925733282,1600
user6711119047303964004,1800
user676524502225097258,2300
user2951823739857903809,2300
user3911132333884241202,2200
user7256810764509394868,2200
user5916930517606262168,1400
user1940718911639954360,2400
user45774583492855434,2100
user6164213995759621244,1700
user8722288275460603982,2100
user8591776268706474419,1900
user730000617953130658,1900
user1018363447847013539,1900
user2960088000167856061,2000
user5462009691656559841,1900
user4764821397571366898,2000
user7759071775144981239,2100
user3810770763372135420,2200
user1073177799817169718,2300
user3119618704844030723,1900
user4118551366462742570,2100
user3353610095373871301,2000
user3388105068340864198,2400
user9211485759159457323,2200
user25338156583665580,1800
user6878808781679762132,2200
user5590611684360728391,2000
user7637052589387589396,2000
user4345628550220451461,2000
user4162760348762569394,1900
user2430476355850948149,2000
user7185811109040386951,2300
user7484666223997086090,2500
user2811609541066638105,1700
user6745508789660628115,2100
user180742639752713009,2300
user4002338283748899304,2600
user2890643324332058605,1900
user2892323205868479949,1800
user5641518130041599220,2300
user1106894497054180284,2200
user1222776179942668570,2400
user4287236119959610711,2100
user7609141995194127407,2300
user6596470370047269711,2100
user8790269813151067776,1700
user1915266474712896046,2300
user5008756929947581072,2200
user4326977235458011737,2000
user8241124919558163224,2000
user5778726028350018587,1700
user1054308169836888111,2300
user5268649205135861516,1800
user7924408582864704478,2100
user6986084558963999601,2600
user4294380459245282067,2300
user4315706674665213148,2700
user1084230045392126424,2200
user4227175625458046403,1800
user9007073027063802292,1800
user5426613112883127931,1900
user1589165956685204152,2200
user202847130902626421,1700
user4503261058142362896,1800
user6460610953449916708,2100
user187886979038384365,1800
user2904153727173418986,2100
user7186371069552527399,2100
user6470874677825947498,1800
user888971362117164872,1900
user3713085665344275196,2300
user6680202152627655678,2100
user7337855829136591692,1900
user3474737920793767716,1900
user253753576583497250,2000
user7236386154895902800,2100
user5850503959549008835,1800
user8744392766610517394,1900
user4911071831919720848,2100
user8153372146080978810,2000
user5597756023646399747,1900
user4629293380799368875,1900
user4239119231370498537,2000
user7133454914336634447,1900
user555178361587358960,1300
user226289858294662612,1800
user4696166814761249559,2200
user2453919083242984340,1800
user7861329970584596047,2000
user1000726823498525925,2400
user5572085271501499550,2000
user7459543615068628555,1900
user984646750610002973,1800
user1927986784528576310,2100
user7825945209106861923,1700
user3951203277381243007,2200
user6997136804538956307,2000
user1198431846744193366,2100
user3187713327142007614,1900
user176056457733445328,2100
user5597196063134259299,1600
user4291922301978878392,2000
user6238779912223615946,2200
user7666974464942827709,2000
user8495771052215035539,2400
user7938248813704665638,2100
user6085615271103130309,2300
user5482994261782192357,2100
user2046886585195608719,1700
user5674114906254328890,2000
user7220306082007379848,1700
user212219494941161783,2400
user4173034318607543769,1900
user7420580775300209860,2200
user7566831209648563810,1800
user1549984801698943574,2000
user4463065212742150208,2000
user775547836495080261,1800
user5023375436517524563,2300
user7303590988683138464,2400
user7757951854120700343,2100
user1173321055111433617,1900
user7948741098767481896,1900
user8065401057385952513,1900
user1913928238470773267,1900
user5346687969280212003,2200
user8969230108319664493,2200
user2393971673348933129,2400
user2550702575464405551,2100
user6327870921942923139,2300
user2549364339222282772,2000
user4872668952663442601,1900
user6456816131768144455,2100
user8168892258457361314,1800
user7704257423174825060,1800
user1066033460531498362,1900
user2848892499298635456,2500
user8693257760242861097,2100
user8400873939452179769,2500
user8482820609885815606,1900
user632875480437410882,1700
user7610261916218408303,2000
user6169678453508871256,2100
user6053236810108242522,1800
user2780007783974978448,2000
user2678196464439990991,1600
user6416401971150089884,2100
user3120726808572613833,2100
user4179058736868934229,2300
user8085607351781602698,1900
user3957009380424791584,2600
user5156115468024518132,2200
user4415289969447336599,2200
user7752487396371450331,2400
user7685500877802056550,2100
user4844198397957840164,1800
user6642017588589219314,2000
user2558748520556515920,2200
user6417740207392212663,1600
user8401775545258618782,1700
user6994908779786092301,1800
user6306326391305150175,1700
user2858606508631469383,2200
user1578113711110247446,1800
user2281997896749730193,1800
user297184283153341743,1900
user2901695569907015311,2000
user4991898581329075789,2000
user5178333043781944641,2600
user7239952415890889585,2200
user2298514600073936911,1900
user3947077055874115774,2700
user8631859029499174010,1800
user3276691252253801710,2300
user6531382048232139157,2000
user4454252809215755294,1900
user5521510225645983701,2500
user5298227863570047063,1900
user3751601629208066540,2100
user5815449026069875490,2400
user6437386541275722400,2200
user5404395537125701422,1700
user8878240901846094073,2200
user3964495365004761505,2000
user4314586753640932252,2100
user5950647214843272734,1800
user6405349725575133178,1700
user6076242907064594947,1700
user9105536400821644847,2100
user4223380803776274150,2400
user4282768253158184913,2100
user4255759264771161937,1700
user7599427985861293480,2100
user6415842010637949436,2000
user5964487445683233894,2300
user8595354346997158990,2700
user7125408969244524078,2500
user5822033404843406398,1700
user8895659210976739804,1900
user5145063222449561426,1600
user4424102372973731513,2000
user6475229460019860199,1600
user6560972523962022490,1900
user6620473057951446350,1800
user3725805975159955460,1800
user6230858869034716460,1900
user3435215120513208573,1800
user995698996184959679,2600
user5360746515338015046,1900
user3429409017469659996,1900
user2568680845107191730,2100
user2243813332711293829,1600
user62632932111360717,2100
user2275850148411883051,1800
user8654741796379069753,2200
user5757181497712245623,2300
user7901525815984808735,2300
user7881319521589158550,1800
user4129043651525558828,1700
user6905257809554644660,1900
user1006191281247775937,1600
user3254586761103888298,1900
user4234214734133388973,1800
user5828181153181253540,2300
user653641735345201515,2000
user8170012179481642210,1700
user495449266911149632,1700
user2041080482152060142,2100
user2091095567495435543,2200
user5905099996301323131,1700
user4326758920240169854,2100
user9188821307497403463,2000
user8078133184497330563,2000
user8874892956068949171,1900
user4029802002037733942,1900
user3073169880495642107,1900
user7224432303514507081,2100
user6730548637796386059,2500
user4431246712259402869,2000
user296624322641201295,1600
user8621585059654199635,1800
user1654814239012475154,1700
user3526204326986778993,2000
user406699902486141004,2400
user6392617598463755128,1800
user4113305223931334441,2400
user2555170442265831349,1900
user2278649950972585291,2200
user8461381309858371428,2000
user8256303386640247163,2100
user4566774729031400892,2400
user4426342215022293305,2300
user6283661939643096315,2200
user7692085256575587458,2700
user5525523362545597837,1800
user4792172031252688439,1800
user1572307608066698869,1900
user902263449740683370,2200
user1714979964124368248,2300
user3595524100919365566,2800
user515095600794659369,1500
user8527589552697782878,1800
user4666917984325664791,1900
user5295334647694713823,1900
user26458077607946476,1800
user253193616071356802,2000
user1474404194820996762,1700
user1467478170753167289,1500
user1902316032383676113,1900
user7030293541263826425,2300
user5202895692198261728,2200
user6156728011179651323,1800
user3536696612049595251,2100
user8621926704948498200,1900
user5703145421472071775,1900
user7402054362440981019,2300
user7222534106760243854,1700
user8369957044775871443,1700
user5821255129113424067,1800
user8214439476999310917,2400
user3710067547565731073,1900
user7449051330005812297,1700
user8130489379201083067,2300
user2869098793694285641,2200
user8711236029885647276,1600
user8782235685354655193,1800
user5715865731287752039,1800
user6695380619709739617,1900
user2400885880121064816,1800
user8119437133626126361,1700
user3564047245730916792,2300
user7829511470101848708,1900
user5933010590494785120,2000
user8961744123739694572,1900
user2166894489591224238,2000
user9110782543353052976,2400
user8632418990011314458,2000
user656099892611605190,2100
user6287788161150223548,1900
user5570965350477218654,2600
user2816295723085905786,2200
user3761533953758742350,1800
user4595918328856656874,2000
user4025894095748448592,1500
user196481067346937396,1600
user447000978496682478,2400
user4574820674123511261,2500
user3497060727161523011,2100
user126819648120052258,1900
user7484106263484945642,1800
user2743844746767261993,1900
user5988271818369568650,1800
user3226894482128268192,1600
user5207581874217529409,2000
user780793979026488390,1900
user6051898573866119743,2000
user3074289801519923003,2100
user6442632683807130529,2400
user6306544706522992058,1600
user7071827622906161892,2000
user4056592675206915035,1900
user2544118196690874643,2300
user6884273239429012144,1800
user7623760501764070898,2000
user7928316489153989828,2700
user8153713791375277375,2300
user3622874734600687107,2000
user6480475602551268328,1900
user1623442614434355166,2000
user8628511083722029108,2400
user8616898877634931954,2000
user3337311707267506466,2400
user7004622789118926228,2600
user1699023221312301978,1500
user8065961017898092961,2200
user7362418477552908779,1900
user4458938991235022975,2500
user3321791594891123962,1900
user7112458526915304145,2300
user1632596663255048645,1900
user7235826194383762352,1900
user7340313986402995367,2500
user3405076501566882578,2400
user858272782658698429,2200
user7589495661310617670,1700
user2718392309840203679,2500
user5021147411764660557,2500
user8975036211363213070,1900
user1153331504106871114,1900
user439296678698870674,2000
user7934122592197538405,1900
user3254805076321730181,1900
user3487128402610847201,1900
user112201141550108767,1900
user8265687567974480311,1800
user4668037905349945687,1700
user4929598244778949689,1900
user3293662685479820090,2000
user4959520120334188002,1700
user819756818794907085,2100
user6728090480529982384,2500
user6757899271477707600,2200
user6278975757623828634,2000
user3322911515915404858,2300
user6675734285826229880,1900
user5981905754813879625,1700
user2776441522979991663,1900
user2024782094045695307,2500
user4378785286945321579,2900
user4188772746201768156,2000
user9008192948088083188,1900
user7890691885627693912,1800
user4088629490907504257,2400
user1407417676251602981,2600
user6032812200494750454,2400
user3281377434273069391,2000
user7940147010458928865,2000
user6223601445141532007,2400
user2555730402777971797,2500
user7653122416807168763,1900
user617137052843186495,1900
user8934953450570513479,1900
user3947295371091957657,2000
user8568563673827977897,2000
user6315698755343685537,2400
user2759583174361486380,2100
user8026779862911832383,2100
user539658249210976456,1800
user7691866941357745575,2200
user6855802684723409707,1900
user4289694277226014386,2100
user7736635884169712847,1500
user6049110588601115289,2100
user6680420467845497561,2000
user1308849071883431640,2200
user5361866436362295942,1900
user3027509577346179407,2000
user6608300891352208748,2600
user8432692439934927108,1800
user2778899680246395338,2000
user7274447388857882482,1900
user3826509190966359807,2500
user3655366280203087991,1900
user5504538792419965321,1900
user379007623510520898,1800
user8295826186920806306,2000
user6518991566415059672,2200
user7833979336903274506,1900
user5701465539935650431,2500
user1694555354510876180,2000
user5214507898285358882,1900
user2352655906924439545,1900
user7045596910249121247,1900
user3359634513635261761,1800
user350205668979563481,1500
user7089245932036807623,1800
user5571525310989359102,1800
user2639233624671572296,2100
user2629861260633036934,1900
user4025334135236308144,1900
user6503813099332975733,1900
user6212767514784417184,1900
user1802951052819394545,2200
user263685901134173060,2200
user5041572021378152625,2200
user4629853341311509323,2100
user4704760903069802590,2400
user7244638597910157266,1800
user2992124815868445283,1600
user1775382103920231121,1900
user9024491336194448023,1700
user1929666666064997654,1600
user8642351314561990268,2200
user3002617100931261541,1800
user4563986743766396438,1900
user2304880663629625936,1900
user7256250803997254420,2700
user5338423708970259751,2200
user4860278470846363116,1700
user417192187548957262,1600
user7462561732847172678,1900
user166902408912751849,2100
user8059936599636702501,1800
user124808366758275934,1900
user1123192885160545119,2100
user5890139844437081075,2000
user3788884587440063891,2000
user4679868426654884724,1900
user6874340914878336334,1800
user4237107950008722213,1800
user7680473050488490304,1700
user7572637312692112387,2000
user515655561306799817,2600
user8753546815431210873,1900
user1473284273796715866,1500
user3382298965297315621,2100
user6734456544085671409,2000
user6008809512590573815,1800
user3475297881305908164,1800
user4384031429476729708,2000
user8752986854919070425,1800
user8331554165519593196,2200
user3101080474689104096,2300
user8653403560136946974,1500
user1229690386714800257,2200
user3722799674677109123,1800
user5839793359268350694,2400
user4607188889649455463,1900
user3676350850328720507,2400
user1928546745040716758,1900
user3256484957858151525,2200
user7405849184122753272,1800
user1562375283516023059,1800
user7330941622364460005,2100
user6844750439148453001,1600
user8358344838688774289,1800
user4732784581870777676,1800
user680432408514382608,2500
user5985472015808866410,2200
user4139877581882673651,2400
user8004893686979760854,1700
user3011771149751955020,2100
user2454592128362637885,1800
user63741035839943827,2200
user6036720106784035804,2100
user5987370212563129637,1700
user5408303443414986772,2300
user6415282050125808988,1800
user6241911114609673166,1700
user88303684256260914,2000
user5158013664778781359,1900
user8368277163239450099,1900
user3208697897267640130,2200
user678204383761518602,2300
user2750429125540792901,1800
user553498480050937616,2000
user791067948871462765,1900
user4625727119804382090,2400
user4981966256778399979,1800
user756791291122311751,2000
user5096728018642607369,1700
user2858824823849311266,2100
user3579785673325141179,1400
user3270325188698112685,2400
user6626839121507135375,1700
user3220870063866877732,1900
user1499296671235914628,2500
user1200671688792755158,1800
user2502367371657451494,2000
user2287462354498980205,2200
user9093705879516705810,2100
user1346910305845411322,1800
user8416954012340702721,2200
user6515083660125774322,2400
user3458097887393104316,2500
user6004123330571306134,2300
user6400103583043725049,2600
user2125561705169058,2000
user3195977587451959866,2300
user654761656369482411,2300
user6709004107158613095,2100
user4543562134152904370,2200
user5937696772514052801,2300
user4576271994973147137,1900
user8981950418135344757,1700
user3634828585982082826,1900
user8510171243567137147,2300
user7358292256045781546,1700
user6972804288636178889,2300
user5302478986980385179,2100
user5244646517231684877,2000
user1181242098300333103,2400
user5459209889095857601,2000
user7863228167338859274,2200
user526147846369616075,2000
user4509067161185911473,1900
user3369908483480236136,2300
user7803840717956948511,2000
user7461223496605049899,2400
user5647324233085147797,2300
user3857426085642668133,2300
user5086454048797632994,2000
user3464463950948793341,1700
user8306878432495763012,1500
user5696001082186400419,1800
user7446823305252948291,2100
user6873220993854055438,2000
user4211997158375962464,2000
user8584302101422202284,2200
user5113586367261112652,2300
user5740428379704069126,2600
user202287170390485973,2500
user6507939320840102966,1700
user3548308818136692405,1700
user3056871492389277272,1900
user2173820513659053711,2700
user781913900050769286,1900
user1243760750068301086,2400
user6394297480000176472,2100
user7350587956247969742,2400
user2150036140972718955,1600
user620703313838173280,1700
user3195199311721977535,1800
user830143873247394557,2200
user7699011280643416931,2300
user153951966583531916,1900
user6213669120590856197,2500
user3299687103741210550,1800
user7988823859560181487,2300
user5651792099886573595,2300
user504603315731843111,1800
user3181794139490945940,2300
user4028682081013453046,1700
user390059869085477604,2400
user617697013355326943,2200
user828350907103460116,1800
user1664746563563150964,2200
user8735568545788424694,1600
user5497394453134293965,2000
user5982124070031721508,2300
user8048884354061745795,2600
user5943161230263302813,2000
user8680194233306128067,1800
user7860770010072455599,2300
user7549194585300076196,1800
user6504031414550817616,2100
user4327318880752310302,2600
user7527090094150162784,2000
user4980846335754119083,2100
user3914138634367087539,1700
user106395038506560190,2500
user7245758518934438162,2200
user2168574371127645582,2000
user2527259848072369360,2100
user6428792452967169369,2300
user9599728989441193,1700
user1969967742075539128,1700
user3685735031662953655,2300
user4668816181079928018,1700
user2031148157601384332,2200
user7686839114044179329,1700
user8867188656271137367,2000
user28916234874350151,2100
user5355842018100905482,1900
user3423489829818598322,2300
user370195219984125984,2000
user2074237218876930260,1700
user2131166510992437348,2500
user2253745657261969639,1900
user205305288169030096,2100
user1823157347215044730,2200
user3005405086196265995,1600
user2740496800990117091,1700
user523919821616752069,1900
user1594972059728752729,1800
user3084222126070598813,1900
user2666024297840753389,2300
user4793291952276969335,1800
user1805190894867956337,2500
user7174977178683272128,1800
user7531776276169430465,2400
user6048332312871132958,1800
user8430464415182063102,2000
user8494992776485053208,2100
user789948027847181869,2400
user4869650834884898478,1600
user4768399475862051469,2100
user5906998193055586358,2300
user4043312404879094323,2500
user517335442843221161,2200
user2552942417512967343,2000
user5382072730757946127,2000
user9086779855448876337,2200
user5942942915045460930,2100
user2035056063890669682,2000
user5157235389048799028,2400
user1757290749669931845,2200
user871004909770076479,1900
user6031692279470469558,2000
user8893979329440318460,1500
user3028629498370460303,1600
user4367173080858224425,1900
user5881762499519615726,2200
user4417188166201599826,2000
user3622096458870704776,1800
user1676918730162388566,2000
user7538702300237259938,1800
user4805122473581908372,1700
user2524253547589523023,1700
user1072617839305029270,2600
user6867196575592664978,2300
user5487680443801460038,2100
user4299626601776690196,2300
user7723343796546194349,2800
user6065408976707480124,2000
user1424170794259779478,1600
user8637883447760564470,1600
user8779777528088251518,2100
user6141207898803268819,2100
user1707835624838696892,2700
user3590837918900097885,2600
user77593083975602773,2200
user763935630407983107,1900
user1906442253890803346,1800
user1709515506375118236,2000
user3817355142145666328,1500
user990234538435709667,2000
user5938816693538333697,2100
user8939981277884079725,2500
user3046939167838601462,1900
user1608812290568713889,1800
user4491648852055265742,2500
user9083773554966030000,2400
user2402784076875328043,2200
user3155563426833905295,1900
user7248216676200841837,1600
user4085623190424657920,2400
user1984927893939781184,2200
user7153319563437986067,2300
user7451509487272215972,1900
user4008257471399960978,2000
user7574305376932835945,2100
user7290298901059619966,2000
user638121622968819011,2300
user4766501279107788242,1600
user4510405397428034252,1800
user6794963914491863068,2500
user2834822135945134627,2200
user676306187007255375,1900
user3945957134849834878,1700
user4042752444366953875,1800
user282224131289099687,2000
user9199313592560219721,1800
user4806024079388347385,1700
user9188043031767421132,2200
user7528988290904426011,2200
user7880199600564877654,2200
user8285552217075831931,2300
user3711187468590011969,2700
user7160358672113328637,2300
user8128821314960359509,1800
user1154669740348993893,2600
user834270094754521790,1900
user2830695914438007394,2100
user2282776172479712524,1900
user2550484260246563668,1900
user5129543110073178922,2100
user3882661779178638765,2300
user1325925735719778806,1600
user1371254639043886526,1900
user6823547553804978602,1700
user3595305785701523683,2000
user5827621192669113092,1600
user4981406296266259531,2000
user8132947536467486742,1900
user7692426901869886023,1900
user1387553027150251361,2300
user5476409883008661449,2000
user1984367933427640736,2000
user1714761648906526365,2600
user2891763245356339501,2100
user8203947191936494659,1700
user8632077344717015893,1800
user1799944752336548208,2500
user4952375781048516646,1700
user479710839316925245,1900
user7031413462288107321,1700
user3467811896725938243,2300
user6759019192501988496,1500
user323414995810382388,2000
user1219758062164124447,2300
user4254079383234740593,1900
user1798046555582284981,2700
user9200993474096641065,2000
user7236044509601604235,2100
user3495722490919400232,2000
user7373252407910023602,2100
user6882375042674748917,1900
user6178272541817424287,2100
user2986100397607054823,1800
user1758410670694212741,2200
user3212275975558324701,2400
user5213947937773218434,2000
user3110794484021938023,1700
user5234372547386710502,2100
user2021204015755010736,1800
user418312108573238158,2100
user593352680156851739,2300
user7647657959057918751,2100
user3688741332145799992,1900
user8996020781488845586,2000
user6606962655110085969,2100
user7587037504044213995,2500
user3469710093480201470,2300
user8152593870350996479,1900
user8437938582466335237,2300
user10937965231563972,2400
user5710619588756343910,2000
user7657590283608594561,1900
user8045536408284600893,2600
user891429519383568547,1900
user3570413309286605817,2500
user550492179568091279,2000
user6436826580763581952,1900
user3425501111180374646,2000
user3633148704445661482,1700
user2226623584267433566,2600
user5724689952109844739,1600
user7164371809012942773,1900
user7709503565706233189,2500
user2258213524063395437,1900
user7883547546342022556,2100
user252975300853514919,2000
user1428856976279047159,1900
user5329269660149566272,1900
user775329521277238378,1800
user4952262696441003549,1400
user7560246830875032902,1800
user8033364241685363291,2400
user4198705070752443966,1900
user637903307750977128,2000
user6575372715314124098,1900
user286910313308367368,2500
user4782799667214153077,1800
user6653069834164176020,1800
user3177781002591331804,2000
user755123226881588193,2100
user8044416487260319997,2100
user186548742796261586,2000
user176616418245585776,2300
user2820308859985519922,2000
user4274515810143930447,1900
user5409423364439267668,1900
user5230246325879583269,2000
user3193519430185556191,1600
user5344448127231650211,1800
user376001323027674561,2600
user2484170786796823432,1800
user2710128049530251427,2000
user180960954970554892,1900
user8506823297789992245,1900
user7019801256201010167,2300
user6288348121662363996,1900
user2527819808584509808,1400
user3106108302002670342,2300
user9120496552685886903,2300
user461619485066625969,2200
user2765949237917175405,1900
user8176036597743032670,2200
user8522561725384216632,2500
user5485782247047196811,2100
user7434651138653710689,2400
user4668256220567787570,2000
user8701738763943901031,1800
user2803232196149172756,1900
user544126116012402254,1900
user6383463549643061649,1900
user4255977579989003820,2000
user3699793577720756698,2000
user2161648347059816109,1800
user2632089285385900940,2700
user7926636607617568484,2100
user1398158396820580716,2000
user6634313288791407510,2000
user2982192491317769473,1900
user5786430328147830391,2200
user6944115418712734569,1800
user3685175071150813207,1700
user8564872510929780229,2400
user4051906493187647354,2400
user3082323929316335586,2700
user8060496560148842949,2000
user8175818282525190787,2000
user165564172670629070,2200
user6768391556540523858,2100
user5939035008756175580,2300
user5555226922882994267,2000
user1071839563575046939,1600
user6582630139207308551,2500
user1824837228751466074,2100
user5113026406748972204,1800
user4481156566992449484,2200
user463972411722700858,2200
user8268475553239484765,1900
user8007133529028322646,1900
user3719999872116406883,2200
user5652570375616555926,2200
user6442072723294990081,1700
user551830415810214058,2600
user3112132720264060802,1800
user138991814719289860,1900
user2781127704999259344,2300
user776107797007220709,2000
user1605246029573727104,1700
user291036534815494601,2300
user1929106705552857206,1700
user8531155813692769663,1900
user4651957832461422735,2000
user5926862842156937978,1600
user538320012968853677,2700
user627629337906002753,1800
user2595024642371745472,2300
user5712859430804905702,2000
user1703709403331569659,2200
user2646159648739401769,1800
user2593013361009969148,1900
user5382851006487928458,2300
user5383970927512209354,2000
user3721898068870670110,1900
user7687399074556319777,2100
user627411022688160870,1600
user667152138186561896,1700
user7743333347550756852,2300
user5987151897345287754,2000
user428462748341755851,2200
user4866302889107753576,1800
user7561585067117155681,1700
user748197202813758720,2000
user3382080650079473738,1300
user6190444708416661889,2000
user7259828882287938991,1500
user3176547996959537811,1700
user4414170048423055703,2100
user1402171533720194852,1800
user4389277572008137837,2700
user7032191738018089652,2100
user4715813148644759296,1800
user8077354908767348232,1900
user2077803479871917045,1900
user7038339486355936794,2400
user8829905698039140016,2200
user1452299703671083350,1900
user7039790807205572670,2000
user5481874340757911461,1700
user1925198799263571856,2400
user6922457803467448508,2100
user5060223336140592349,2200
user2426008489049522351,1800
user4630194986605807888,1700
user7528428330392285563,2100
user753225030127324966,2000
user7028625477023102867,2000
user3483550324320162630,2400
user8907489732281678841,2200
user719726648108156283,1300
user4163880269786850290,2400
user6493539129488001358,1600
user5036885839358884944,1900
user650853750080197061,1800
user8652843599624806526,2100
user1851067941408506719,1800
user1859892162230599419,2800
user665253941432298669,2000
user2970580285230672319,2100
user8033924202197503739,2000
user8963424005276115916,2100
user7576545218981397737,2000
user5626339662959515281,2400
user4217461616125212476,2100
user3459777768929525660,2400
user3639514768001350507,2000
user6152260144378225525,2700
user2606418533241000743,1700
user6543335899613534876,2000
user3195417626939819418,1900
user951271698667290972,2000
user868546752503672804,1700
user3243534515528931592,2400
user5106660343193283179,2600
user6167780256754608029,2300
user8132169260737504411,1800
user3187600242534494517,1800
user7687959035068460225,2300
user2771973656178565865,1600
user1674678888113826774,2200
user29476195386490599,1900
user1713641727882245469,3100
user8412827790833575488,1900
user4963428026623473352,2100
user6858042526771971499,2000
user2538872054159466514,2000
user4862736628112766791,1900
user451468845298108276,2000
user315380868013969805,2100
user71445335637755631,1900
user7969177525676671750,2200
user7541708600720106275,2000
user5020027490740379661,2400
user24230052855082470,1700
user8736128506300565142,2100
user4947689599029248965,1800
user3173873096302046454,1500
user4368841145098947983,2300
user3361314395171683105,1800
user7912236416265466876,1900
user2918553918525520594,2900
user2464524452913313695,2100
user6508499281352243414,1900
user2387605609793244104,1700
user7575985258469257289,2000
user2700414040197417500,2000
user2880929314999224678,2000
user3711747429102152417,2400
user5322125320863894916,1900
user2508733435213140519,1600
user2635107403164445063,2100
user5564380971703687746,1900
user1251794877864713669,1600
user1572867568578839317,1500
user98017693589094841,2200
user6302418485015864825,2100
user4388157650983856941,1800
user4254639343746881041,2300
user4493547048809528969,1600
user9121616473710167799,1900
user8791389734175348672,2100
user2854698602342184033,2600
user1035781756977659270,1900
user3851071839382676894,1900
user7999647544448352725,1800
user4761473451794221996,2000
user2949035754592899355,2100
user3755396450889838793,2400
user5457871652853734822,2400
user8006013608004041750,1500
user8874332995556808723,1900
user7892371767164115256,2200
user7559905185580734337,1800
user392299711134039396,1800
user4751541127243546186,1900
user7180223321214680257,1700
user643149450282385257,2000
user1520841201873687592,2100
user7941826891995350209,2500
user1962823402789867772,2800
user8254075361887383157,2400
user9216731901690865452,1500
user4812048497649737845,2200
user5201215810661840384,1800
user4166668255051854744,2600
user2877923014516378341,2000
user213899376477583127,2400
user5020587451252520109,2300
user7347799970982965288,1700
user6180730699083827962,2300
user3561029127952372669,2100
user7672220607474235838,2200
user6311572533836558304,2000
user9031965503478720158,2200
user9215611980666584556,2000
user8747399067093363731,1900
user4552716182973597849,2400
user1736866140056439777,2300
user6735794780327794188,2700
user4655865738750708085,1800
user7654802298343590107,2000
user664693980920158221,2000
user8542208059267726369,1800
user4810928576625456949,2100
user6191782944658784668,1900
user3470051738774500035,2300
user3939042928077703191,2200
user3245992672795335267,1700
user5458991573878015718,1900
user7270321167350755249,1700
user3551096803401696859,1600
user2492995007618916132,1800
user6294714185218053021,2100
user197041027859077844,1700
user8407021687790026911,1500
user5897614011721353210,1800
user3199543848446946651,2000
user7019241295688869719,1900
user7647876274275760634,1900
user2267037744885488137,1900
user7596969828594889805,2600
user8313244496051452037,1800
user3032755719877587536,2600
user4618022820006570286,1600
user5351374151299479684,2300
user5851623880573289731,1800
user2971140245742812767,2000
user6988324401012561393,2100
user6806576120578960222,1800
user4871330716421319822,2200
user4293042223003159288,2800
user3678590692377282299,1900
user8703190084793536907,1500
user7389209150722089872,1600
user7093932114056075304,1600
user8079253105521611459,1700
user3871278133778327079,2400
user1485456440395953468,2300
user5612156214998501355,2100
user6175484556552419833,1700
user8243583076824566899,2000
user2533625911628058385,1500
user5471163740477253320,1400
user1759861991543848617,2000
user5158686709898434904,1500
user1474964155333137210,1900
user407478178216123335,2000
user4651179556731440404,2300
user8691806439393225221,2000
user2540210290401589293,1700
user8293598162167942300,1900
user4265691589321837747,2100
user2097014755146497217,1700
user3084563771364897378,1700
user1320119632676230229,1900
user1144177455286177635,1700
user1845821798877098590,1800
user4754889073020691088,1900
user5145623182961701874,2300
user8317370717558579270,2100
user5469483858940831976,2100
user4961200001870609346,2400
user3638394846977069611,1900
user2289142236035401549,1900
user3766561781072308596,1900
user3770014957459782284,2200
user69547138883492404,1800
user4992458541841216237,2300
user7279133570877150163,2600
user4067644920781871741,1900
user7083439828993259046,1600
user7753825632613573110,2600
user6619134821709323571,2000
user8668582027219030913,2200
user2995472761645590185,2000
user4617462859494429838,1800
user698628993375010670,1900
user7538360654942961373,2200
user39408519937166409,1800
user549372258543810383,2200
user2667704179377174733,1600
user6327310961430782691,1800
user5949308978601149955,1500
user3855758021401944575,2500
user5292981721038638934,1800
user7149753302442999282,1700
user8738586663566968817,1700
user731898814707393885,2300
user1735186258520018433,2100
user4844540043252138729,1800
user5001830905879751599,2400
user6812382223622508799,2100
user4640345626374325581,1600
user377109426756257671,1400
user6797982032270407191,2000
user8192116670631555622,2500
user2402565761657486160,2500
user9087899776473157233,2000
user8881259019624638196,1700
user3859665927691229925,2200
user6652509873652035572,1800
user7572077352179971939,2600
user7383744692972839860,2300
user8484718806640078833,1900
user325313192564645615,2000
user1600559847554459423,2100
user8582963865180079505,2000
user4877915095194850730,1800
user8477014506842267029,2000
user8406461727277886463,2100
user3937923007053422295,1500
user8280647719838722367,1800
user3987491216492170345,1600
user2607196808970983074,2200
user6898113470268973304,2200
user8232530831249610193,2300
user4969234129667021929,2000
user8407240003007868794,2600
user2627963063878773707,3100
user6149253843895379188,2500
user8039730305241052316,1900
user8180504464544458468,1800
user9094265840028846258,1400
user8905591535527415614,2200
user2054920712992021302,2100
user6997696765051096755,2500
user240690049646764220,1500
user5245424792961667208,1600
user968130047285796255,1700
user4527263746046539535,1900
user1061347278512230681,2300
user720846569132437179,1900
user7959793344342438602,2900
user4001891407844271953,2600
user1449841546404679675,2000
user5554666962370853819,2400
user8756553115914057210,2300
user2426568449561662799,2000
user3875622670503296195,2200
user6879587057409744463,2700
user4517879564712306387,1600
user6978610391679727466,1600
user7591163725551341228,2000
user3981572028841108671,2000
user6427112571430748025,2300
user2187660744499014871,1800
user8532835695229191007,1900
user2127153374092823212,2600
user3953443119429804799,1600
user7723903757058334797,2200
user1120734727894141444,1600
user9107216282358066191,2000
user5562701090167266402,2200
user254313537095637698,2000
user4706772184431578914,1600
user160536345357062824,1900
user140659878960013418,2700
user5088133930334054338,1800
user533292185655287431,1900
user562882661385170764,1800
user6871882757611932659,1900
user5551088884080169248,2000
user2505715317434596396,2100
user8163086155413812737,2100
user2056600594528442646,2300
user2429916395338807701,2100
user4946456593397454972,1800
user4620480977272973961,1700
user3803844739304305947,1900
user3102200395713384992,1900
user7713411471995518539,1700
user1924078878239290960,2100
user3281937394785209839,1800
user4882601277214118411,1800
user7000154922317500430,2100
user5799150637963510655,1700
user2243595017493451946,2100
user1055646406079010890,1600
user3478864142300894949,1600
user2402224116363187595,1500
user2598819464053517725,1900
user4783017982431994960,2000
user5597537708428557864,2400
user3339209904021769693,2200
user1505662734791603653,1800
user549590573761652266,1800
user7787542329850583676,1900
user2509293395725280967,2000
user659106193094451527,1800
user4905825689388312719,2300
user2980512609781348129,1700
user7135682939089498453,2000
user3574321215575891167,1900
user2353328952044093090,1700
user3952323198405523903,2000
user1427737055254766263,2000
user6731668558820666955,2100
user5073503606468413061,1900
user2847772578274354560,2100
user8708104827499590056,2000
user2976386388274220896,1700
user5752153670398679377,2400
user3882443463960796882,2000
user5449837525057322239,2000
user3900080088309284496,2200
user3914480279661386104,2000
user9048823852097225441,2800
user1487684465148817474,2400
user9105318085603802964,2300
user7257930685533675764,1900
user6015393891364104723,1600
user6640679352347096535,1900
user4866084573889911693,2700
user3473617999769486820,1700
user3984360014106113125,1900
user6428014177237187038,1800
user3142831299722527245,1800
user6712352052935757997,2000
user7676128513763521188,1700
user5233034311144587723,2300
user2517545838739535433,1800
user7810754924729080198,2100
user5249332699250952558,1900
user241923055278558213,1700
user5749022468012622157,2900
user1379848727352439557,2200
user5608808269221356453,1900
user4508165555379472460,1700
user774769560765097930,2300
user245376231666031901,2200
user781135624320786955,2100
user3166615672408862001,1600
user6748526907439172238,2200
user8553820265354823523,2000
user1695675275535157076,2200
user9189381268009543911,1500
user7006520985873189455,1700
user4516211500471582829,1800
user3822601284677074457,2100
user3975765925797560094,3100
user5281929475463682228,2300
user759249448388715426,1600
user7987143978023760143,2200
user5345568048255931107,2000
user9206239616628049194,1600
user1631476742230767749,2200
user9198535316830237390,2300
user7110790462674580587,2100
user4708452065968000258,2300
user2908061633462704336,1700
user3984919974618253573,2500
user5459551534390156166,1900
user5288295539019371253,1700
user414404202283952808,2100
user4832927837165041575,2300
user4391505596761001843,1800
user5358848318583751819,2600
user639801504505240355,2300
user3973867729043296867,1400
user467985548622314994,1900
user3269205267673831789,1700
user1840015695833550013,1900
user7565711288624282914,2300
user7439337320672978370,2000
user2905273648197699882,2400
user4633761247600794673,3000
user3709507587053590625,2300
user8880139098600357300,2000
user264805822158453956,1500
user3380960729055192842,2000
user4140437542394814099,1900
user2188220705011155319,1900
user5120730706546784008,2400
user2502927332169591942,2000
user4765941318595647794,2000
user5652010415104415478,2000
user7470595860643585261,2300
user6244699099874677620,1800
user352558595635638370,2200
user885405101122178087,2000
user8597022411237882548,1700
user1708955545862977788,2300
user8467082182291591219,2000
user6394515795218018355,1700
user4507947240161630577,1700
user3715313690097139202,2100
user6176604477576700729,2400
user8303530486718618110,2000
user5657038242417981724,2200
user7010647207380316688,2500
user4152268063699753136,2000
user9004614869797398617,1800
user5221982065569631017,1500
user533073870437445548,2000
user3008983164486950566,2300
user3726365935672095908,2200
user1083670084879985976,2200
user2381799506749695527,1700
user3799718517797178714,2500
user1737084455274281660,1900
user9210365838135176427,2200
user2800444210884168302,1900
user516433837036782148,1800
user3201783690495508443,2200
user5083995891531229319,2500
user302088780390451307,1800
user2470890516469002720,2400
user7099178256587483433,1900
user9061669063816116588,2300
user4459270391060377955,2300
user846660576571601275,2400
user6047772352358992510,1900
user8108271803443656558,1900
user2109621980354664384,2400
user3106326617220512225,2000
user6088073428369533984,1700
user2879591078757101899,1700
user507061472998246786,1700
user8780337488600391966,1800
user2419642425493833326,2000
user4756008994044971984,1800
user8386815393394376726,2000
user7439678965967276935,1900
user8693039445025019214,1600
user2985540437094914375,1900
user5916712202388420285,1700
user109629899676191995,1700
user3903428034086429398,1800
user2314253027668161298,2300
user4502919412848064331,2400
user4895333404325496461,2000
user8665575726736184576,1900
user1425509030501902257,2000
user7429404996122302560,2000
user8167224194216637756,1800
user2390393595058248558,2500
user4526703785534399087,2300
user6464737174957043941,2300
user5434659057975238300,1800
user5738530182949805899,1600
user5890699804949221523,2100
user5559353144390121500,2000
user3332283879953940220,2100
user8451230670089853735,2100
user1370134718019605630,2600
user5332617605926711174,2100
user3861677209053006249,1700
user4505159254896626123,2500
user3061899319702843518,1900
user9209587562405194096,1600
user855814625392294754,2400
user8982510378647485205,2700
user3597203982455786910,1700
user4855810604044937318,2700
user3787764666415782995,1800
user8542768019779866817,2200
user7507443760266653047,2000
user170810315202037199,1900
user4128825336307716945,2000
user7450731211542233641,1600
user3838121397053456961,1800
user2241242090837377057,1900
user4986652438797667660,2000
user184868861259840242,1700
user1130667052444817254,1700
user4507387279649490129,1600
user9165036934811068707,1900
user7187709305794650178,2500
user1936032729620686679,2000
user4268709707100381870,2000
user4334576304645494755,2300
user4157514206231161265,2100
user242701331008540544,2100
user4757347230287094763,2100
user7486894248749950096,2100
user1527767225941517065,2000
user5324583478130298591,2000
user2634329127434462732,1900
user7344221892692280717,2000
user3047386043743228813,2200
user664134020408017773,2000
user5003510787416172943,1900
user5700127303693527652,1900
user4991338620816935341,1700
user8345281311752041259,2700
user6521231408463621464,1900
user5938475048244035132,2300
user6047990667576834393,2300
user643367765500227140,2100
user5664182581703653080,2000
user1710853742617241015,2400
user7093153838326092973,1900
user6982176652674714251,2200
user438176757674589778,1900
user4150588182163331792,2100
user4200603267506707193,1800
user8643129590291972599,1700
user5692653136409255517,2300
user3700913498745037594,2000
user4619921016760833513,2200
user4278082071138917232,1600
user3649447092552026317,2300
user3863232188686216710,2500
user8704091690599975920,1700
user9125742695217295032,2000
user1446493600627534773,2700
user978840647566454396,2400
user4618801095736552617,1800
user8872434798802545496,1900
user8659427978398337434,1900
user5453963746564449472,1700
user1321239553700511125,1800
user6511517399130787537,2300
user1424389109477621361,2100
user894217504648573001,2100
user1230250347226940705,1600
user1010099187537061287,2300
user7994743047211243161,2200
user4383471468964589260,1900
user7752934272276077682,1300
user2050452846190595504,2000
user7708943605194092741,2000
user5479976144003648234,1800
user3217522118089732830,2600
user3674122825575856501,2600
user4543002173640763922,2100
user6541096057564973084,2100
user3237168451973242567,2300
user2297954639561796463,2200
user5711179549268484358,2000
user3604678149740059045,2200
user1561255362491742163,1700
user3623434695112827555,1800
user2993244736892726179,1600
user765055551432264003,1900
user7812994766777641990,2300
user3739876338513456289,1800
user5085334127773352098,1700
user407259862998281452,1700
user1714201688394385917,2100
user7953987241298890025,2100
user2596144563396026368,2600
user8290580044389398177,1900
user6202835190233741374,2400
user5399491039888591858,1700
user8053010575568873028,2100
user4113086908713492558,1800
user5234932507898850950,2200
user7345341813716561613,2100
user3129551029394706533,2200
user5690194979142851842,1800
user5289528544651165246,1800
user165782487888470953,2400
user9063007300058239367,2300
user6055476652156804314,1900
user6546342200096381213,2200
user5721671834331300616,1900
user8517315582852808503,1700
user7828173233859725929,2400
user2042200403176341038,3000
user9111902464377333872,2100
user6157847932203932219,2400
user7235266233871621904,2500
user4794070228006951666,1900
user6266243630512450584,1500
user3134237211413974214,2300
user800440312909998127,2800
user8908609653305959737,2300
user7476961924199274286,1800
user4641465547398606477,2200
user8528149513209923326,1700
user2616910818303817001,2500
user7725241993300457576,2100
user651961853808780171,1900
user4531949928065807216,2300
user4873788873687723497,2100
user1282723589836719781,2000
user1805750855380096785,1700
user8584862061934342732,2300
user979182292860752961,2300
user2968682088476409092,1700
user1589507601979502717,2300
user619365077596050501,2400
user5300799105443963835,1900
user8417513972852843169,2400
user1517834901390841255,2000
user7452069447784356420,1900
user5574873256766504004,1900
user1044594160504054184,1800
user983308514367880194,1700
user5116592667743958989,2200
user257661482872782600,2200
user1736306179544299329,2200
user88085369038419031,2800
user2775881562467851215,2000
user8403673742012882009,2100
user8885385241131765429,1600
user3680488889131545526,1800
user1208145856077027293,1900
user5496274532110013069,1700
user1268653226483218952,1600
user5888801608194958296,2500
user8731442324281297461,1600
user3449285483866709402,2400
user2884277260776369580,2200
user6482268568695202769,1800
user8736688466812705590,1800
user2991004894844164387,2500
user5703705381984212223,1800
user5466135913163687074,2400
user4101361618018882307,2300
user935751586290908468,2500
user3973307768531156419,2500
user919900074089170984,1900
user6987204479988280497,1800
user5110238421483967750,2000
user6417180246880072215,1800
user5634260706148414767,2000
user2073117297852649364,1900
user7430524917146583456,2000
user7085107893233982604,2500
user5042473627184591638,2600
user6298840406725180254,1900
user5087573969821913890,2500
user7157227469727271417,1700
user2638455348941589965,1700
user5173305216468378395,2200
user3185485302389143608,2100
user5871830174968939916,1800
user3652578294938083537,2600
user4893653522789075117,1800
user957077801710839549,2100
user496569187935430528,2000
user9011199248570929525,2300
user975274386571467611,1800
user8858034607450443888,1800
user5734963921954819114,2200
user2901135609394874863,2100
user4051346532675506906,1800
user6275067851334543284,1900
user1512247113565134561,2400
user7323797283078788649,2500
user7104424399118891562,1900
user6311012573324417856,2800
user6679860507333357113,2300
user3559361063711649111,2900
user322855035298241940,2200
user8543887940804147713,2900
user7460663536092909451,2100
user2276970069436163947,1800
user179622718728432113,2000
user8997140702513126482,2200
user649173868543775717,1700
user9132668719285124505,2200
user5425274876641005152,2100
user6066528897731761020,2100
user713029184727112278,1900
user6542434293807095863,2000
user172708511956300426,2600
user4987430714527649991,2300
user8166664233704497308,1900
user5003729102634014826,2000
user1368454836483184286,2100
user6620254742733604467,2000
user7850837685521779789,2600
user452247121028090607,2600
user1269213186995359400,2000
user4129385296819857393,2500
user3005965046708406443,2300
user1497068646483050622,2100
user1851627901920647167,1800
user7164153493795100890,1900
user2869658754206426089,1900
user7346680049958684392,2100
user2539650329889448845,1700
user4400889778095234991,2200
user4745516708982155726,2200
user4634321208112935121,2000
user4734682778625040903,1800
user7577323494711380068,1900
user3904206309816411729,2100
user698410678157168787,2100
user690924693577198866,2200
user2654193776535814352,1900
user3447947247624586623,1900
user303768661926872651,2100
user3432987095760344567,1900
user313700986477548461,2100
user4168348136588276088,1800
user1478872061622422560,1900
user8135175561220350748,2200
user4305992665332379221,2300
user3621536498358564328,2600
user264027546428471625,1800
user627069377393862305,1800
user5962259420930369888,2300
user3033315680389727984,1800
user2528379769096650256,2000
user6608642536646507313,1400
user2149817825754877072,1900
user1621544417680091939,2000
user55146947531390796,1800
user6688019537032980579,2400
user6211989239054434853,1800
user2348424454806983526,1800
user2822661786641594811,2000
user5861556205123965541,1900
user5324023517618158143,1900
user8429904454669922654,2200
user3925532525236342810,2000
user978622332348612513,2400
user8742712885074096050,1900
user1648895051361413480,1900
user6526695866212871476,1300
user7702359226420561833,1600
user5923296581161951193,1800
user4426560530240135188,1900
user8804453261112081702,1800
user1317661475409826554,1800
user1611270447835117564,1800
user7131215072288072655,2000
user8742494569856254167,2300
user7835659218439695850,2000
user4230306827844103623,1700
user2247161278488438731,2400
user3169186914282778773,2200
user985206711122143421,2000
user4832367876652901127,2100
user2665805982622911506,2400
user2224943702731012222,2000
user5300239144931823387,2000
user8428784533645641758,1800
user8404781845741465119,1600
user3563487285218776344,2800
user1809098801157241687,1700
user2877363054004237893,1300
user516215521818940265,1700
user7555219003561466656,2100
user440634914940993453,1600
user1561597007786040728,2500
user1416571725072296460,1800
user3925190879942044245,2000
user2304320703117485488,1800
user6471776283632386511,2700
user322295074786101492,2500
user643927726012367588,2300
user1576215514355984219,2300
user6594802305806546153,1900
user5872048490186781799,1800
user2003237563407922343,1800
user784141924803633292,2000
user4100801657506741859,1800
user6720616313245710249,1500
user5993289400214191311,1900
user2850012420322916352,2100
user356571732535252506,2100
user4152828024211893584,1900
user8641231393537709372,1800
user7690187059821324231,2600
user6556286341942754809,2200
user5882995505151409719,2200
user5575433217278644452,2100
user8518995464389229847,2100
user2029249960847121105,2000
user5929102684205499770,1600
user7476401963687133838,2500
user7372132486885742706,2300
user6257649542203897553,2000
user5563821011191547298,2200
user2424888568025241455,2500
user4393403793515265070,2400
user7093372153543934856,2300
user803240115470700367,2200
user2177386774654040496,2400
user389841553867635721,2200
user3632028783421380586,2100
user3359976158929560326,2100
user6420528192657217117,2100
user1237954647024752509,2000
user5734622276660520549,2800
user7457875550827904997,2100
user850008522348746177,2300
user3506214775982216490,1800
user2235995948305968928,2000
user9106656321845925743,2100
user8869646813537541042,1600
user3144729496476790472,1600
user5690754939654992290,2400
user97457733076954393,1900
user4792731991764828887,2100
user3300247064253350998,2300
user6862728708791239180,2100
user7531663191561917368,1800
user7686060838314196998,1800
user2771195380448583534,2000
user6554046499894193017,2100
user5380952809733665231,2100
user5017569333473975986,1700
user8633197265741296789,1600
user8734448624764143798,2000
user9158899431942165150,2100
user4210877237351681568,1900
user3245432712283194819,2100
user5439345239994505981,1900
user8412267830321435040,1900
user3619868434117840770,2000
user4075349220579683545,2000
user4464858178886084649,2700
user4534737913330811670,2000
user3436335041537489469,1600
user3734630195982048160,1800
user6309892652300136960,1800
user1471386077042452639,1800
user6657537700965601818,2000
user5561033025926542844,2600
user9042457788541536416,2000
user1244880671092581982,2300
user3097514213694117311,2500
user7231358327582336554,2000
user4173252633825385652,1400
user7209253836432423142,1900
user2298856245368235476,1800
user2956509921877171490,2300
user4554614379727861076,2300
user3414790510899716505,2000
user1343904005362564985,2200
user6131835534764733457,1900
user6542994254319236311,2400
user3905326230840692625,2000
user2379341349483291852,2100
user3582573658590145633,1600
user6904479533824662329,2000
user3622656419382845224,2400
user7588375740286336774,2200
user5806854937761322459,1900
user2315372948692442194,1900
user2451679241194422548,1900
user7824265327570440579,1700
user4299066641264549748,1800
user9150305343633612119,2000
user6054138415914681535,2600
user1678256966404511345,2200
user1368236521265342403,2500
user7675226907957082175,2300
user6358352758010301900,1600
user5505658713444246217,1900
user7313304998015972391,2200
user6689574516666191040,2000
user8644809471828393943,2200
user7186931030064667847,2500
user7965039486873846731,1800
user3258712982611015531,2000
user1560477086761759832,1600
user8170230494699484093,2100
user7908670155270480091,1800
user3211716015046184253,2200
user5525978092447409499,1700
user2551822496488686447,2100
user8818180407344529765,1900
user5255917078024483466,2100
user4504599294384485675,2100
user3740996259537737185,1700
user7264515064307206672,1700
user8583523825692219953,2200
user6382903589130921201,2000
user8104705542448669773,2300
user5607688348197075557,1800
user2767287474159298184,1800
user3777054066135124854,2300
user7801382560690544836,1900
user7736854199387554730,1700
user3831195372985627488,1800
user1700921418066565205,1900
user1286289850831706566,1800
user8465289216147656778,1900
user8735008585276284246,2300
user6999936607099658547,1700
user5947069136552588163,2100
user3811549039102117751,1700
user8044198172042478114,2400
user3221430024379018180,2100
user186767058014103469,1500
user3561589088464513117,2300
user9147287225855067996,1900
user7385642889727103087,2500
user2969242048988549540,2400
user2177946735166180944,1800
user6641239312859236983,2000
user7109452226432457808,2000
user8518435503877089399,1800
user7661168361899279132,2000
user9022251494145886231,2100
user648395592813793386,1900
user5361306475850155494,1800
user437616797162449330,2100
user8049102669279587678,1800
user5679361048785737019,2500
user2013729848470738601,1700
user8681532469548250846,2000
user9170843037854617284,2300
user8554380225866963971,2000
user1650906332723189804,1600
user3889587803246468238,2100
user5403057300883578643,2100
user5119392470304661229,2100
user8936633332106934823,2300
user890869558871428099,1900
user8647597457093398397,2100
user8561524565152635327,2100
user7224992264026647529,1500
user8529487749452046105,1700
user1094504015237100799,1900
user4092767529710329276,2000
user5963367524658952998,2000
user2667144218865034285,2500
user7565151328112142466,1700
user3117378862795468931,2600
user5124856928053911241,2000
user2870996990448548868,1700
user2804352117173453652,1800
user8730882363769157013,2700
user4986310793503369095,2300
user7814892963531905217,1900
user2286684078768997874,2100
user8007693489540463094,1700
user3127871147858285189,1800
user7394796938547796566,2100
user2177168459436198613,1900
user3200103808959087099,2500
user2640353545695853192,2100
user8293038201655801852,2000
user2534185872140198833,1800
user5233812586874570054,1600
user1946743329901344820,1800
user1622104378192232387,2300
user342844586302804443,2200
user3359074553123121313,2700
user4087521387178921147,2800
user4054364650454051029,2100
user1469718012801729081,2000
user7696553123377013256,1900
user297962558883324074,1800
user598380507470417985,2300
user832602030513798232,2100
user3237728412485383015,2100
user201727209878345525,2500
user846100616059460827,1800
user6870762836587651763,1700
user7790890275627728578,1900
user7950420980303903240,2300
user6928376991118510182,2000
user2830022869318353849,2200
user1813225022664368920,1800
user543006194988121358,2000
user1687629330443046707,2100
user7301911107146717120,2100
user6476462465651654192,1700
user2176048538411917717,1600
user6633205185062824400,2100
user2380119625213274183,1700
user2551604181270844564,2000
user223271740516118489,2800
user5283827672217945455,2000
user1550763077428925905,1700
user4301866443825251988,2300
user8522001764872076184,1700
user1345572069603288543,2000
user8672720066021855932,1800
user920573119208824529,2400
user2138983895397762249,1900
user7851397646033920237,1800
user1060114272880436688,2100
user1638061121004298657,1600
user6766493359786260631,2000
user4645373453687891827,1800
user1858553925988476640,2100
user6780003762627621012,2200
user6064849016195339676,2100
user3821823008947092126,2200
user5335075763193114849,2000
user5030861421097494484,2500
user8401993860476460665,2200
user6416961931662230332,2200
user285572077066244589,1800
user3948975252628379001,1700
user5701807185229948996,2100
user2407251943676753841,1900
user2187879059716856754,2300
user1507000971033726432,1700
user8192894946361537953,2100
user65639232594207054,2300
user1180122177276052207,1800
user5327589778613144928,1800
user8762359218957605787,2400
user7927756528641849380,2000
user7505090833610578158,1800
user5019467530228239213,1800
user8648375732823380728,2500
user1582021617399532796,2000
user3684396795420830876,1700
user5923856541674091641,1900
user5047719769715999767,2400
user1952549432944893397,2200
user6878467136385463567,2200
user3468371857238078691,2000
user8339475208708492682,2500
user733578696243815229,1700
user513427536553935811,2500
user575602971200851028,2000
user4767621200132069138,1900
user5117152628256099437,2400
user7606354009929122953,2300
user8395969442215070205,2100
user214117691695425010,2200
user7105544320143172458,1700
user7961691541096701829,1800
user3325917816398251195,1900
user5959801263663966213,1700
user6917211660936040379,1800
user1583701498935954140,2000
user5540036638505212542,1900
user7100298177611764329,2200
user8089858475191940814,2200
user5470043819452972424,1800
user185428821771980690,1700
user7215619899988112167,1900
user5820695168601283619,2100
user658327917364469196,1600
user538879973480994125,1800
user7373470723127865485,1700
user6393955834705877907,2700
user1297796826308474934,2000
user2930384439830459631,2500
user7475842003174993390,1800
user1921072577756444623,2200
user1032763639199115147,2100
user5405628542757495415,2000
user1804630934355815889,2300
user3360754434659542657,1900
user4734464463407199020,2000
user4958741844604205671,1700
user265925743182734852,1600
user7698451320131276483,1800
user4897561429078360467,2100
user7175537139195412576,2400
user867986791991532356,1400
user64860956864224723,1800
user8527029592185642430,1700
user6756561035235584821,1700
user1880989816963745032,1700
user3964153719710462940,1700
user1936251044838528562,1300
user7333169647117324011,2000
user8944667459903347406,2100
user3095056056427713636,2100
user5511577901095307891,2100
user390619829597618052,2300
user7234146312847341008,2200
user8427446297403518979,2200
user1577335435380265115,1800
user4110733982057417669,2100
user8962304084251835020,2200
user7271989231591478807,1900
user631755559413129986,2700
user7792788472381991805,1800
user8979722393382480751,1800
user1220877983188405343,2300
user38070283695043630,2200
user2419082464981692878,1600
user1814904904200790264,2000
user7065243244132630984,1700
user7874953458033469525,1500
user7567391170160704258,2100
user8958737823256848235,2000
user3695667356213629465,2000
user4530270046529385872,2600
user1963041718007709655,2200
user7482768027242822863,1700
user7867914349358126955,2200
user3331723919441799772,2400
user6510957438618647089,2300
user1191847467970662458,2300
user8225604807181780720,2300
user6385703391691623441,2000
user6256529621179616657,2000
user2076465243629794266,1900
user8306318471983622564,2100
user8134067457491767638,1800
user6934401409379900642,1700
user3485790166368724422,2200
user1330953563033345052,2200
user2860504705385732610,1900
user8771183439779698487,1700
user1242982474338318755,2300
user5565719207945810525,2200
user5734062316148380101,1800
user6229738948010435564,2100
user6062950819441076449,2500
user5689075058118570946,1700
user6756001074723444373,3000
user1873732393070560579,1700
user6744388868636347219,2200
user7949301059279622344,1900
user3211497699828342370,2000
user1005972966029934054,2200
user1352156448376819451,1700
user165004212158488622,1800
user8906151496039556062,2700
user1951989472432752949,2200
user1551882998453206801,2000
user3924412604212061914,1900
user4742716906421453486,1800
user2876803093492097445,2300
user6033372161006890902,2200
user6636771446057811185,2100
user5564940932215828194,2000
user5144503261937420978,2400
user3832315294009908384,2200
user5339761945212382530,2100
user8742152924561955602,2300
user2645599688227261321,1800
user4343275623564376572,2300
user7009868931650334357,1600
user2567000963570770386,1700
user9209245917110895531,2000
user881497194832892737,2300
user3749808663064132099,1800
user6220366583971900202,1900
user2523693587077382575,2200
user653860050563043398,2100
user6337243285981458501,2200
user7814333003019764769,1900
user6051338613353979295,2200
user8088065509048006373,1800
user59833129550658477,2200
user2948475794080758907,2400
user4812161582257250942,1800
user2906381751926282992,1900
user752105109103044070,2300
user4618241135224412169,2000
user5515704122602435124,2300
user5825941311132691748,2100
user1042695963749790957,1600
user9073499585121055625,2400
user1017025211604890760,1600
user1574547450115260661,1800
user1322907617941234683,2200
user4002109723062113836,1500
user3599991967720791364,1800
user9031405542966579710,1900
user8747959027605504179,1600
user3298567182716929654,2100
user4887287459233386092,1800
user171028630419879082,1900
user8746620791363381400,2000
user4793851912789109783,2100
user9176990786192464426,1500
user3031647616149004426,3000
user3146409378013211816,1800
user763157354678000776,1800
user472453415423740792,2200
user5360186554825874598,2100
user5018129293986116434,2800
user7180005005996838374,2200
user4425222293998012409,1700
user6300738603479443481,1900
user4866644534402052141,2500
user8027339823423972831,1900
user1731060037012891200,1900
user4524805588780135860,1500
user2503487292681732390,2000
user439856639211011122,2200
user5576771453520767231,1700
user6894205563979687954,1600
user296064362129060847,1800
user984428435392161090,2000
user2528939729608790704,1900
user6970906091881915662,1700
user2072339022122667033,2000
user8053570536081013476,2300
user4948467874759231296,1800
user5831747414176240325,1700
user3956449419912651136,3100
user3528319267132129902,2100
user8522903370678515197,2100
user657767956852328748,2100
user8304090447230758558,1900
user2265699508643365358,2200
user948918772011216083,2000
user3092268071162709182,1800
user6041406288803303485,1800
user7823487051840458248,1800
user8984968535913888880,2200
user3806302896570709622,2200
user8868526892513260146,2400
user7449829605735794628,2200
user6317596952097948764,2300
user4847546343734985066,1600
user8533395655741331455,1700
user3292429679848026097,2600
user177954654487708555,2600
user161656266381343720,1700
user2413836322450284749,1700
user5796922613210646649,2000
user1941497187369936691,2100
user1816243140442913043,1700
user3691541134706502232,2500
user2513201302014566317,1600
user1757850710182072293,2200
user7472835702692147053,2300
user1292209038482768240,1900
user1479432022134563008,2100
user4063518699274744508,2400
user8980282353894621199,2000
user3539371512707086608,2000
user2197593069049690681,1500
user4607748850161595911,1800
user87525408526278583,2100
user2293828418054669230,2100
user7781176266294894651,2100
user8357006602446651510,1700
user7086787774770403948,2100
user7912018101047624993,1900
user4294722104539580632,2300
user3104988380978389446,1600
user4996024802836203022,2300
user8056028693347417151,1800
user3043807965452544242,1600
user2494103111347499242,1300
user8623264941190620979,2500
user6162534114223199900,1500
user5382632691270086575,2500
user8259321504418791286,2800
user3437673277779612248,1600
user4074789260067543097,2100
user7686620798826337446,1800
user2343956588005557728,2200
user5256258723318782031,1700
user1494050528704506499,1800
user1132346933981238598,2000
user1177228961400718967,1400
user2666584258352893837,2000
user1732179958037172096,2400
user2750989086052933349,1800
user3448725523354568954,2400
user7402614322953121467,1800
user3407191441712233487,1900
user8588428322929329517,1500
user8835711801082688593,2300
user5429961058660272833,2000
user5031639696827476815,1700
user4177720500626811450,1600
user3333403800978221116,1600
user8679634272793987619,1600
user6400663543555865497,2200
user6959853846306958956,1600
user4630413301823649771,2100
user6305766430793009727,2100
user8806568201257432611,2700
user1933792887572124887,2700
user1947863250925625716,1700
user467538672717687643,2200
user6938527630887027875,2100
user3915818515903508883,1900
user8994900860464564690,1900
user4988550635551930887,1700
user2095781749514703224,2200
user5119610785522503112,1700
user7701239305396280937,1800
user70667059907773300,1800
user7944054916748214215,1900
user7816561027772628775,1800
user2704208861879189753,1800
user9119376631661606007,1900
user3705941326058603840,1500
user8523121685896357080,2000
user5383410967000068906,2400
user8177716479279454014,1900
user291378180109793166,2100
user1276139211063188873,1900
user7130436796558090324,1600
user2657211894314358475,1700
user4767279554837770573,3400
user1550544762211084022,1700
user6563200548714886496,2000
user4132951557814844178,2200
user2855258562854324481,1900
user8093653296873713067,2300
user1768342995244888551,2400
user3706501286570744288,1900
user6439066422812143744,2000
user6741040922859202317,1800
user8863840710493992465,1900
user7156667509215130969,1800
user630977283683147655,1900
user8879579138088216852,2000
user5260384944825909264,1300
user3017017292283363149,1900
user8392061535925784855,1400
user3760414032734461454,2100
user2030028236577103436,2500
user2903375451443436655,2300
user4640687271668624146,2000
user5018689254498256882,1900
user8770405164049716156,2200
user466647312380192215,1900
user292716416351915945,2000
user889531322629305320,2500
user6879027096897604015,1500
user405579981461860108,2100
user3678249047082983734,2800
user6591224227515861582,2200
user3849173642628413667,2000
user8492752934436491416,1500
user7968057604652390854,1700
user1940158951127813912,2500
user8760691154716882229,2600
user6998256725563237203,2500
user9033085424503001054,1900
user109848214894033878,2200
user8043078251018197218,1900
user7450171251030093193,1800
user1015905290580609864,2000
user3343896086041037374,1700
user8428224573133501310,1900
user1972195766828403134,2200
user8316810757046438822,1700
user2140663776934183593,2300
user8155611988129540602,1900
user6384023510155202097,1800
user4041414208124831096,2700
user4686234490210573749,1800
user6416060325855791319,2300
user7919162440333296349,2000
user8285893862370130496,2000
user7807406978951935296,1800
user7421700696324490756,2000
user5294433041888274810,2500
user3470270053992341918,1500
user630417323171007207,2200
user3654133274571293998,1500
user4355342559553285388,2000
user4392843833003124622,1900
user7675568553251380740,2700
user1405519479497339754,1700
user7008749010626053461,2200
user2393411712836792681,1800
user4064856935516867287,2100
user3997310456435333058,2200
user8480032624620811152,1800
user165222527376330505,1800
user1874852314094841475,2800
user6317036991585808316,2500
user6393177558975895576,1900
user8429344494157782206,2400
user3342557849798914595,2400
user7351926192490092521,2500
user2255425538798390983,1700
user2160870071329833778,2100
user4057370950936897366,2100
user4816629449058676740,1700
user3588379761633694210,1800
user1677697005892370897,1900
user8732780560523420240,2100
user6924469084829224832,1900
user4107167721062430884,2000
user2764269356380754061,2400
user5310513114776797762,2200
user4942443456497840836,2100
user6267581866754573363,2000
user8863280749981852017,1800
user6690694437690471936,1900
user2910519790729108011,2100
user4481374882210291367,2400
user7697891359619136035,2200
user3298348867499087771,2700
user5423606812400281594,2100
user8553260304842683075,2300
user3694889080483647134,2300
user2232648002528824026,2500
user6755441114211303925,1900
user6340043088542160741,2100
user6310452612812277408,1900
user7345901774228702061,1800
user7802720796932667615,2000
user1241302592801897411,2300
user5977437888012453827,2000
user3573979570281592602,1700
user4015401810685632334,2100
user4253519422722600145,1900
user8234085810882820654,2300
user4760135215552099217,2000
user6847550241709155241,2000
user7009308971138193909,2300
user5712517785510607137,1700
user1027735811885548901,2100
user4744615103175716713,1600
user986326632146424317,2400
user5124296967541770793,2600
user1834209592790001436,2400
user1005413005517793606,2500
user3810989078589977303,2000
user7059997101601222855,1900
user8595914307509299438,1700
user2947355873056478011,2100
user2379901309995432300,1900
user1847160035119221369,2000
user8620246823412076856,2000
user3838339712271298844,1700
user1021151433112017993,1700
user2778339719734254890,2400
user3459217808417385212,1700
user754563266369447745,2400
user3721679753652828227,2000
user4140095897100515534,2100
user4337811165815126560,2400
user4859158549822082220,1800
user2002677602895781895,1800
user9089019697497438129,2000
user4744396787957874830,1800
user8618018798659212850,2300
user6566891711613084164,1700
user6290246318416627223,2400
user1378168845816018213,2600
user153610321289233351,2100
user5800488874205633434,2300
user4982744532508382310,2000
user3576219412330154394,1800
user2525031823319505354,1700
user4364041878472167205,1700
user8050782550816009022,2300
user1536144570858982414,1700
user7210373757456704038,2100
user1357744236202526145,1700
user180182679240572561,1700
user5142835197696697420,2100
user773649639740817034,2500
user438736718186730226,2900
user1649568096481067025,1700
user1050181948329760878,1900
user4843980082739998281,1800
user880377273808611841,1800
user857494506928716098,2100
user6920217961418886716,1700
user8131049339713223515,1700
user8798534073461020028,1800
user1578455356404546011,2600
user1019483368871294435,1800
user428244433123913968,1900
user934518580659114475,2100
user7164484893620455870,2300
user1471946037554593087,1900
user181520915482695340,1800
user778895782272225163,1600
user6525357629970748697,1800
user7119602866200975501,1600
user5905659956813463579,2100
user2321739012248131219,2400
user4409142221109489457,1800
user256541561848501704,1900
user422998290592505839,1900
user2525591783831645802,1900
user1721905988192197721,1800
user6544114175343517207,1700
user1067371696773621141,2200
user1825615504481448405,1600
user4518999485736587283,2000
user2649507594516546671,2000
user8634317186765577685,1900
user9038891527546549631,1600
user8783903749595378751,1900
user6409475947082260411,2800
user275858067733410662,2000
user1510348916810871334,2200
user2027010118798559313,1700
user5548860859327305242,1700
user3437113317267471800,2000
user1925758759775712304,2200
user8633757226253437237,2000
user3633926980175643813,2100
user7506210754634859054,1600
user3583133619102286081,1700
user6112405944272311402,2600
user5179671280024067420,2200
user6030354043228346779,2100
user2382359467261835975,1800
user7752032666469638669,1800
user2656091973290077579,1800
user6983296573698995147,1700
user1177447276618560850,2200
user3721119793140687779,1900
user1176214270986766857,1900
user564550725625894322,2000
user1848839916655642713,2000
user1362990378733934274,1900
user6542775939101394428,1800
user3562149048976653565,2000
user4030580277767716273,1700
user1237736331806910626,1700
user4803224276827645145,2300
user2551262535976545999,1800
user890091283141445768,1800
user5344229812013808328,2500
user7655922219367871003,1800
user6960413806819099404,2600
user6767831596028383410,2100
user5922736620649810745,2400
user1094722330454942682,2100
user654420011075183846,1700
user2180734720431185398,1500
user5156893743754500463,2300
user5381512770245805679,2200
user4573919068317072248,2400
user5350035915057356905,2400
user8525909671161361534,1600
user4735802699649321799,1900
user5099186175909011044,1900
user1695115315023016628,2000
user1282276713932092430,2500
user3673002904551575605,1900
user3061786235095330421,2100
user4519217800954429166,1900
user4200043306994566745,2700
user290818219597652718,2000
user5131222991609600266,1900
user9098392061535973491,2000
user5071275581715549055,2000
user2565662727328647607,1900
user8396747717945052536,2200
user224951622052539833,2200
user4169126412318258419,2400
user8065182742168110630,1800
user4416068245177318930,2300
user3756847771739474669,2100
user6268141827266713811,2600
user3424722835450392315,2500
user5941822994021180034,2200
user9069808422222857957,1900
user7790330315115588130,2100
user6414162129101528092,2000
user5284500717337599000,2200
user6971466052394056110,1900
user8874114680338966840,1700
user1703149442819429211,2200
user3113252641288341698,1900
user5953995160620417636,2100
user8275059932013015673,1600
user5859098047857561866,2300
user8192334985849397505,2300
user2177728419948339061,2300
user1363208693951776157,2600
user803458430688542250,2200
user236895227964991967,1800
user2885397181800650476,2300
user989892893141411102,2000
user7465909678624317580,1700
user5103872357928278725,1600
user4741608802692870376,1900
user4647271650442155054,1600
user8266247528486620759,1900
user4328657116994433081,1900
user1395027194434523496,2000
user3358296277393138982,1600
user8029238020178236058,2300
user5048611130053495195,1800
user4212215473593804347,2300
user8737466742542687921,2600
user8385477157152253947,1800
user5601663929935685097,2100
user5123737007029630345,1900
user2404463958411749387,1800
user7877628358690960882,1800
user6401441819285847828,1800
user9088678052203139564,1700
user1216970076899119993,1500
user300190583636188080,3000
user3798816911990739701,1700
user6199817072455197251,2300
user8087847193830164490,1900
user3209257857779780578,1800
user4879035016219131626,1300
user1820929322462180724,2200
user7113578447939585041,2400
user2940658409675434006,1900
user2507395198971017740,1900
user5623768421085598509,2000
user2780567744487118896,2000
user3354170055886011749,2500
user6563760509227026944,1700
user1447053561139675221,3000
user6404229804550852282,2400
user6535289954521424507,1700
user2299074560586077359,2100
user469218554254108987,2100
user5735742197684801445,2100
user4440400761080096348,1600
user2857486587607188487,1900
user6300520288261601598,2500
user1394467233922383048,1700
user2730552659143743495,2100
user7004062828606785780,2100
user6779443802115480564,1700
user7578443415735660964,1800
user5596417787404276968,2700
user4315924989883055031,2200
user1611052132617275681,2000
user3282828755122705267,2200
user2063184973301973554,2400
user5741548300728350022,1800
user1563495204540303955,2300
user3680541338379519,1700
user2099689655803988574,2100
user5833427295712661669,2600
user1572649253360997434,1800
user335587162409619990,1800
user7058877180576941959,2000
user5635380627172695663,2200
user815743681895292949,1800
user2140103816422043145,1800
user749317123838039616,1700
user8385135511857955382,1700
user4933849368189287805,1800
user2447553019687295315,1700
user2264797902836926345,2600
user4244147058684064783,2500
user5249892659763093006,2000
user5953435200108277188,1800
user4167446530781837075,1700
user4382911508452448812,1900
user2630421221145177382,1800
user7322677362054507753,2300
user1362430418221793826,1700
user7697331399106995587,1700
user159976384844922376,1800
user6720056352733569801,2600
user5211708095724656642,2200
user5925524605914815199,1400
user6856704290529848720,1800
user1225782480425514907,2200
user2293268457542528782,2300
user2127371689310665095,2200
user5475849922496521001,2300
user8993562624222441911,1900
user1242640829044020190,2000
user1570969371824576090,1800
user1132005288686940033,1700
user2531397886875194379,2400
user7627338580054755469,2800
user4427120490752275636,1700
user7482208066730682415,2200
user1206477791836303735,1800
user554058440563078064,2400
user3825949230454219359,1700
user5508446698709250671,2300
user5212268056236797090,2300
user1118506703141277438,1900
user2664686061598630610,1900
user5906438232543445910,1800
user8458488093983038188,1600
user5283609357000103572,2100
user1459225727738912823,1800
user7122402668761677741,2100
user7050283092268388928,2000
user7732168017368287049,2100
user2768955538400021742,2500
user8203387231424354211,2000
user4529491770799403541,1800
user5585925502341460710,1700
user6834039838867794860,1600
user3380400768543052394,2100
user6669149907052698972,2100
user5916152241876279837,2000
user5942382954533320482,2300
user1982688051891219392,2200
user6099238758552003787,1800
user1885457683765170830,1800
user7038557801573778677,1900
user4301306483313111540,1800
user5031079736315336367,1900
user3809650842347854524,1900
user2128491610334945991,2400
user1155229700861134341,2500
user9132108758772984057,1600
user857712822146557981,2000
user6354661595112104232,1800
user2893101481598462280,2400
user3233260545683957217,1800
user2648947634004406223,2500
user4046660350656239225,2800
user7691306980845605127,2000
user6647045415902785560,1900
user1653581233380681161,1800
user2957848158119294269,2200
user7144507159911591153,1900
user6437946501787862848,1600
user412724320747531464,2000
user1551104722723224470,2500
user2633769166922322284,2000
user4941210450866046843,1900
user2984420516070633479,1900
user4800996252074781139,1900
user1209265777101308189,1900
user6285000175885219094,3000
user1369574757507465182,1800
user6382125313400938870,1800
user3349142228572445503,1800
user1735746219032158881,2400
user604964886243948893,2300
user1946183369389204372,2300
user5486902168071477707,1800
user6483606804937325548,2000
user440074954428853005,1600
user3837001476029176065,1600
user7746568208720388657,2200
user9114690449642338326,2200
user1093384094212819903,1600
user3350262149596726399,2000
user7361858517040768331,2400
user2991564855356304835,1600
user6383245234425219766,1900
user8985528496426029328,1600
user1533013368472925194,1800
user8583742140910061836,2100
user7510336976141986287,1500
user3309961073586184925,2300
user1359642432956789372,1700
user1747918385631396483,2200
user5235492468410991398,2200
user4928043265145739228,2100
user1470277973313869529,2300
user1083451769662144093,2300
user3731612078203504037,2400
user8879360822870374969,2000
user5498732689376416744,2300
user1774709058800577576,1600
user7664516307676424034,2000
user7247096755176560941,2300
user5570405389965078206,1800
user2028908315552822540,1700
user6752434813728457588,2000
user161096305869203272,1700
user317608892766833811,2100
user1605805990085867552,1800
user3519838263431089968,2000
user6927362300704558072,2400
user8895877526194581687,2100
user1117946742629136990,2600
user5751262310061183949,2000
user1095842251479223578,2000
user3640966088850986383,2100
user195921106834796948,2400
user7225552224538787977,2000
user8619686862899936408,2100
user2238348874962043817,1900
user3991504353391784481,1700
user8663335884687622784,1800
user6158626207933914550,2300
user3040801664969697905,1500
user3565167166755197688,2000
user809937578851744372,2500
user5553547041346572923,2100
user5623208460573458061,1700
user7555778964073607104,1800
user1085349966416407320,1700
user5695441121674259971,2100
user4366613120346083977,2700
user3589717997875816989,2400
user3551315118619538742,2000
user1870944407805556125,2100
user7104984359631032010,2100
user4629635026093667440,1800
user5483554222294332805,2100
user9098952022048113939,2400
user1298015141526316817,1900
user2344516548517698176,2100
user6622152939487867694,1800
user8257983268176668507,2100
user7356052413997219754,2200
user8794955995170335457,2400
user1220536337894106778,2100
user3698455341478633919,2000
user4292482262491018840,2200
user621263274350313728,2000
user3664190501025180691,1800
user1029415693421970245,2300
user6470656362608105615,1900
user99355929831217620,1900
user731680499489552002,2600
user2315932909204582642,1800
user4057152635719055483,2000
user8212541280245047690,2200
user5811322804562748257,2000
user5866024071925391339,1900
user9186923110743140236,2400
user5211489780506814759,2100
user8528927788939905657,2000
user5058543454604171005,1800
user8736346821518407025,1800
user7838665518922542187,2100
user429364354148194864,1800
user2867978872670004745,1900
user8255195282911664053,2000
user2516767563009553102,2600
user2265917823861207241,2300
user6360580782763165906,2000
user5620420475308453607,2400
user1083110124367845528,1700
user2347191449175189533,2000
user3017577252795503597,1700
user2627621418584475142,1800
user6640119391834956087,2200
user1495388764946629278,2500
user7186029424258228834,1500
user1291877638657413260,1800
user927934201885583567,1500
user2986318712824896706,2600
user3590277958387957437,2000
user4541882252616483026,2300
user3535358375807472472,1800
user1578673671622387894,2400
user1593073862974489502,2100
user7515924763967692981,2200
user7586477543532073547,1800
user4117100045613106694,1800
user4675182244635617043,2000
user7284161398190716409,1900
user4084503269400377024,2300
user526707806881756523,2000
user2849452459810775904,2100
user2440626995619465842,2200
user181302600264853457,1800
user9219519886955869906,1900
user391179790109758500,2600
user6367725122048837262,2100
user2275071872681900720,1700
user7298344846151730335,2400
user2440408680401623959,1900
user6866636615080524530,2200
user1115488585362733315,1800
user1435441355052578067,2000
user1856314083939914848,2100
user5304033966613595640,2400
user7448491369493671849,2400
user2025342054557835755,2100
user5799710598475651103,2300
user2806363398535229976,2000
user1558249062008895826,2100
user6043086170339724829,1500
user960084102193685886,2500
user1456767570472509148,2100
user6629627106772139829,2200
user8419412169607106396,1700
user8611652735103523825,2100
user1643867224047847234,2100
user814292361045657073,1900
user7521843951618754655,2400
user5773138240524311893,2000
user1658380500007461939,2000
user6295274145730193469,1800
user3457879572175262433,2000
user2767847434671438632,1900
user2303760742605345040,1600
user6164992271489603575,1700
user3513700760562186411,2300
user1749038306655677379,1800
user4073451023825420318,1900
user3029189458882600751,2300
user7462001772335032230,2000
user8179944504032318020,2000
user6708444146646472647,2100
user3344456046553177822,1800
user7913356337289747772,1800
user6103924940571271468,2600
user974714426059327163,2000
user3974427689555437315,2400
user944232589991948402,1900
user3801616714551441941,2000
user1051633269179396754,1700
user7961131580584561381,1300
user3020035410061907272,2200
user3282155710003051722,2000
user8202827270912213763,1800
user4404797684384520341,2800
user4151148142675472240,1500
user6605294590869362411,2100
user8544447901316288161,2000
user2505155356922455948,1800
user2052692688239157296,2200
user1529000231573311058,2200
user4607530534943754028,3000
user951490013885132855,2100
user895897386184994345,2500
user4642585468422887373,2100
user8276179853037296569,1600
user4182406682646079131,2000
user4520119406760868179,2100
user8149805885085992025,1700
user1936811005350669010,1900
user3218642039114013726,2200
user2700082640372062520,2800
user3327037737422532091,2600
user3434095199488927677,1900
user7939368734728946534,2100
user5375146706690116654,2000
user945352511016229298,1900
user6257089581691757105,2300
user7345560128934403496,2600
user8129929418688942619,1800
user2099129695291848126,2400
user478372603074802466,2700
user6289468042686644892,2300
user7085667853746123052,2100
user7027505555998821971,1700
user3271103464428095016,2000
user6450896944117082781,1700
user5229126404855302373,2000
user2513419617232408200,1900
user4765381358083507346,1700
user2288582275523261101,2000
user1205917831324163287,2300
user1281385353594597002,2100
user4052466453699787802,2000
user5261163220555891595,1800
user2882049236023505574,2000
user1815123219418632147,1700
user3645652270870254064,1800
user76473162951321877,2400
user929272438127706346,1900
user423558251104646287,2700
user7982457796004492462,2400
user472784815249095772,1500
user450908884785967828,1900
user2543558236178734195,1900
user7882314540710228563,2200
user1093602409430661786,2100
user6026227821721219546,2200
user3276909567471643593,2500
user2553502378025107791,1800
user905269750223529707,2100
user324753232052505167,2000
user2930166124612617748,1600
user4772525697369178702,1700
user7527868369880145115,2100
user6581510218183027655,1800
user4172692673313245204,1800
user2870778675230706985,1400
user6223819760359373890,1700
user7674448632227099844,1800
user4502701097630222448,2000
user2059606895011288983,2100
user5472501976719376099,2200
user8669701948243311809,2200
user4628515105069386544,2400
user693942811355742989,1500
user6635993170327828854,1900
user3723577950407091454,2200
user368515338447704640,1900
user6609980772888630092,2100
user1064800454899704369,1800
user9154991525652879800,2700
user764277275702281672,2600
user8743272845586236498,2300
user709576008339638590,1800
user5859658008369702314,2200
user8482260649373675158,1700
user8143999782042443448,2300
user2062406697571991223,1800
user4200384952288865310,2600
user3788324626927923443,1900
user6100793738185214248,2300
user1446275285409692890,2200
user3382858925809456069,2000
user5399709355106433741,1700
user3936584770811299516,1700
user1913026632664334254,2700
user7319889376789503299,2100
user5475289961984380553,2400
user9140373019082936309,2100
user4520897682490850510,1900
user4210317276839541120,2000
user6218013657315825313,1900
user5130663031097459818,2700
user6644257430637781106,1700
user6301858524503724377,1800
user5927204487451236543,1900
user1372362742772469636,2200
user9046148951439734084,1800
user8962645729546133585,1800
user1961143521253446428,1900
user6509837517594366193,2100
user8181842700786581247,2000
user8467300497509433102,2600
user3507894657518637834,1600
user9157779510917884254,1800
user2634547442652304615,1700
user794086066650006888,1800
user6859710591012695057,1800
user1429075291496889042,1600
user2507613514188859623,1900
user5932668945200486555,2500
user1829523410770733755,2200
user7598089749619170701,2300
user3209817818291921026,2200
user3166833987626703884,2500
user2298296284856095028,2000
user4552156222461457401,2000
user5225560143860315588,2200
user2358575094575501219,1900
user8719830118194200307,1900
user6735234819815653740,2300
user7928876449666130276,2100
user3816235221121385432,1900
user5823713286379827742,2400
user8302970526206477662,2200
user4656985659774988981,1700
user1450401506916820123,2300
user8132387575955346294,1800
user8048324393549605347,2400
user4936524268846779162,1800
user3479424102813035397,2000
user1242080868531879742,1600
user5188152283725107354,1700
user5007077048411159728,2300
user6039178264050439479,1800
user1572089292848856986,2000
user7213380057939550375,2000
user8528367828427765209,2100
user8170572139993782658,2000
user1848061640925660382,2100
user3572641334039469823,2100
user4003229644086394732,1800
user5208141834729669857,1700
user6107938077470885604,1900
user8612212695615664273,2100
user1458105806714631927,2100
user2635667363676585511,1600
user1551323037941066353,2200
user8483598885615797937,2000
user542446234475980910,1800
user6949579876461984581,2100
user2734690697946568514,1900
user834157010147008693,1500
user2166334529079083790,2000
user4937975589696415038,1800
user5634820666660555215,2200
user5156675428536658580,2000
user6668029986028418076,2500
user8040850226265333212,2200
user387053568602631267,1800
user7701799265908421385,1800
user901921804446384805,2000
user159758069627080493,3000
user2517327523521693550,2600
user6647605376414926008,2600
user3123184965839017508,1700
user802680154958559919,2100
user302430425684749872,2200
user8165544312680216412,1800
user3695449040995787582,1700
user5746234482747617703,2400
user5212828016748937538,2000
user164662566864190057,2100
user8895099250464599356,1700
user2835942056969415523,2000
user4870770755909179374,2900
user4834266073407164354,2100
user3406631481200093039,1800
user9108884346598789749,2300
user5943721190775443261,3200
user2286902393986839757,2000
user7290080585841778083,1900
user4121786227632374375,1900
user7822367130816177352,2200
user5993071084996349428,2600
user2242475096469171050,1900
user8653621875354788857,2000
user3678030731865141851,1900
user4453351203409316281,2600
user6553486539382052569,2600
user4390945636248861395,2400
user5549420819839445690,1700
user2815062717454111793,2000
user6818519726491412356,1700
user296842637859043178,2700
user7461783457117190347,2600
user4189551021931750487,1700
user314820907501829357,2100
user634555361973832226,1800
user6280873954378091861,1700
user111081220525827871,2100
user2803792156661313204,1800
user4103372899380658631,1700
user8514857425586404828,2200
user8076794948255207784,2100
user5134789252604587051,1700
user6906377730578925556,2500
user5760074713587578863,2500
user4178840421651092346,1600
user4639007390132202802,2700
user1451521427941101019,2500
user5179452964806225537,2300
user7470035900131444813,1600
user4958960159822047554,2400
user1360202393468929820,1500
user7725801953812598024,1400
user4653077753485703631,2100
user4415508284665178482,1800
user7965599447385987179,1600
user6378217407111653520,1700
user5581239320322193029,1700
user4053244729429770133,1800
user1629361802085416840,2200
user6509619202376524310,2000
user3415008826117558388,2200
user5410314724776763096,1800
user2929606164100477300,2200
user154170281801373799,1700
user8253297086157400826,1600
user370755180496266432,2300
user3210596094021903357,1600
user2154722322991986636,2300
user8822866589363797446,2700
user8050222590303868574,2200
user968348362503638138,1900
user7763539641946407037,2100
user3144511181258948589,2200
user8629071044234169556,2500
user5256477038536623914,1900
user8069308963675237863,2300
user2552382457000826895,1900
user4154496088452617142,2000
user369075298959845088,1800
user3248220697548199273,2800
user8577262992746859714,2300
user5707053327761357125,2100
user8017065853578998456,2100
user4668597865862086135,2000
user6581291902965185772,1800
user5157453704266640911,1400
user879257352784330945,1900
user4038066262347686194,1800
user5958121382127544869,2000
user2617470778815957449,1600
user2721398610323050016,2000
user4779451721437008175,1800
user7312963352721673826,1800
user6553828184676351134,1800
user4323410974463024952,1800
user8809139443131349383,2200
user3123526611133316073,2200
user8411707869809294592,2600
user2060166855523429431,2200
user5758519733954368402,2000
user3279262494127718482,1700
user6484166765449465996,2400
user6808587401940736546,2500
user8005795292786199867,2200
user5498172728864276296,2400
user7499284730567029581,2200
user6607522615622226417,2600
user4771747421639196371,1700
user478590918292644349,1700
user766175472456544899,1800
user5826501271644832196,2200
user2192346926518282552,1900
user2574600032758253404,2400
user9000147002995972819,2200
user3184925341877003160,2100
user7324357243590929097,1800
user538538328186695560,2800
user9110222582840912528,2100
user8907271417063836958,1600
user3859105967179089477,1700
user5208701795241810305,2400
user4287796080471751159,1700
user576941207442973807,2400
user1395587154946663944,1700
user6608082576134366865,1700
user86405487501997687,1800
user8253515401375242709,1600
user6004683291083446582,1700
user4513971658423021037,2600
user843094315576614490,1500
user6680980428357638009,1800
user5926644526939096095,2100
user6873002678636213555,2700
user6827113814799965387,1800
user7682152932024911648,2300
user7068809505127617769,2100
user4452572927679333950,1800
user2952042055075745692,2200
user5951207175355413182,2000
user8380449329838687701,2200
user7599209670643451597,2800
user6301298563991583929,2000
user4992676857059058120,2200
user6407807882841536853,1900
user714262190358906271,2100
user4584971313892028954,1600
user3747910466309868872,1800
user1760981912568129513,2400
user1143399179556195304,2300
user4040854247612690648,2300
user5355282057588765034,2000
user6860830512036975953,2500
user896115701402836228,1700
user7384304653484980308,1600
user5104432318440419173,1800
user6277855836599547738,2400
user1821489282974321172,2300
user7908110194758339643,2800
user1655032554230317037,1400
user7362760122847207344,1500
user4267029825563960526,2200
user9021473218415903900,2200
user1924638838751431408,2600
user7466687954354299911,1700
user4161640427738288498,1900
user3902868073574288950,2300
user3849391957846255550,2200
user8531715774204910111,2200
user104943717656924314,2100
user2348642770024825409,1700
user2408590179918876620,2500
user5019249215010397330,2400
user6609420812376489644,1900
user5257036999048764362,2100
user633435440949551330,1700
user3026401473617596297,2500
user4823773788344348096,1700
user7283041477166435513,2600
user2608316729995263970,2200
user6153940025914646869,2100
user7616286334479798763,2100
user7522062266836596538,1600
user3075409722544203899,1600
user2974146546225659104,1500
user1699801497042284309,2200
user7751814351251796786,1800
user7214499978963831271,2100
user5817688868118437282,2200
user2403903997899608939,1900
user5339201984700242082,2300
user2337477439842355606,2800
user622383195374594624,2800
user2099907971021830457,2200
user3289194818678394292,2400
user6759579153014128944,2100
user4190670942956031383,2000
user2868538833182145193,1800
user7827613273347585481,2000
user8847542322387627630,2000
user6501025114067971279,1600
user1930444941794979985,2400
user8938748272252285732,2600
user5625666617839861736,1800
user7737414159899695178,2100
user2458386950044410138,2000
user400333838930451979,2400
user3086461968119160605,1800
user75913202439181429,2300
user7637270904605431279,2000
user7923288661840423582,2000
user3218082078601873278,2200
user4656644014480690416,2100
user3452851744861696187,2100
user2231309766286701247,1500
user7003502868094645332,1500
user6527815787237152372,2200
user8836271761594829041,2100
user1110802403343465634,1800
user6871322797099792211,1900
user6957065861041954502,1800
user604404925731808445,1500
user3802724818280025051,2700
user8883487044377502202,2200
user1133685170223361377,1400
user4886509183503403761,2000
user6049670549113255737,2400
user2931504360854740527,2200
user6732228519332807403,2200
user1587827720443081373,1700
user2153384086749863857,1600
user1474185879603154879,2200
user6130155653228312113,1700
user2694494852546355826,2300
user3662292304270917464,2000
user1254034719913275461,1700
user1280483747788157989,1800
user6033467994454408,1700
user8517097267634966620,2100
user1115706900580575198,2500
user6707105910404349868,1700
user2820981905105173467,2500
user1000385178204227360,2300
user3812668960126398647,2300
user2710014964922738330,1900
user5570187074747236323,2200
user5608029993491374122,1900
user2886175457530632807,2000
user675186265982974479,1600
user73685177686317423,2400
user10719650013722089,1800
user1421817867603704589,2600
user75353241927040981,2000
user4667477944837805239,2100
user9199095277342377838,2600
user2232761087136337123,1800
user8688571578223593416,2000
user6942995497688453673,1700
user2235435987793828480,2200
user760369369412996322,1900
user7334289568141604907,2200
user8143221506312461117,2800
user7851056000739621672,2000
user540218209723116904,1500
user5630134484641287534,1700
user6780563723139761460,1600
user6191004668928802337,2300
user4609428731698017255,1900
user5596636102622118851,2200
user7176657060219693472,1700
user2983300595046352583,1900
user4860496786064204999,2100
user9222538004734414029,2000
user3674682786087996949,2200
user8515417386098545276,2100
user8267355632215203869,2400
user2280877975725449297,2300
user1029975653934110693,2300
user865198806726527902,1800
user5471942016207235651,2000
user927374241373443119,2100
user2998490879424134308,1800
user1244320710580441534,2100
user1622322693410074270,2600
user2425230213319540020,2500
user4290814198250295282,1800
user4406135920626643120,2000
user4833706112895023906,2100
user1748136700849238366,1700
user5446819407278778116,1700
user1311742287758764880,2100
user2468537589812927831,1800
user4360028741572553069,2000
user5991838079364555435,1700
user1236056450270489282,2300
user9005734790821679513,2100
user3413888905093277492,2200
user3788666272222222008,2500
user1338097902319016408,1700
user9200433513584500617,2200
user1327045656744059702,2100
user8963983965788256364,2300
user8106156863298305649,2300
user3381179044273034725,2500
user3293881000697661973,2000
user7574865337444976393,1700
user917441916822767309,2500
user7132334993312353551,1800
user7566271249136423362,2300
user8755445012185474100,1700
user5131782952121740714,1900
user3232700585171816769,2000
user7226112185050928425,2000
user8994682545246722807,1900
user2480262880507538082,2700
user3799158557285038266,2500
user5118272549280380333,2100
user4555722483456444186,2100
user6390949534223031570,1800
user8103803936642230760,2000
user6219133578340106209,2100
user3096954253181976863,1700
user280544249752678343,2000
user8646477536069117501,1800
user7902864052226931514,2100
user8061056520660983397,2000
user3823161245189214905,1800
user5508665013927092554,2300
user8720608393924182638,2000
user6128257456474048886,2300
user4695046893736968663,1700
user7120504472007414514,2600
user994579075160678783,2700
user3156123387346045743,2400
user3050952304738215598,2200
user2519785680788097225,2500
user973594505035046267,1900
user4904487453146189940,1600
user1200111728280614710,2500
user1725253933969342623,2400
user10046604894068544,2300
user1688530936249485720,1700
user403351956708996102,1600
user3486350126880864870,1800
user3395579235625136333,1700
user1435223039834736184,1800
user5465015992139406178,1900
user5586143817559302593,2100
user427684472611773520,1500
user4986870754015509543,2100
user6894547209273986519,2400
user1960583560741305980,2300
user7582569637242788197,2800
user3242974555016791144,1800
user1686291094200923928,2700
user2596704523908166816,1800
user4958181884092065223,1900
user1828963450258593307,1600
user642807804988086692,2100
user9100071943072394835,1800
user7501524572615591373,1600
user7219746121495239400,1500
user1299135062550597713,2100
user604746571026107010,2200
user4099681736482460963,1600
user7272549192103619255,1400
user1746238504094975139,2200
user993240838918556004,2800
user3962815483468340161,1800
user1621762732897933822,1800
user4427680451264416084,2300
user6576605720945918091,1700
user4903927492634049492,1700
user8682434075354689859,2000
user5301919026468244731,2100
user2038622324885656467,1700
user899463647179981130,1600
user3924972564724202362,2000
user1136473155488365831,2300
user2372975285927602827,2000
user2756235228584341478,1700
user1219976377381966330,2100
user3083443850340616482,1600
user378789308292679015,1700
user5849165723306886056,1800
user8803001940262445826,2000
user4036168065593422967,2200
user7928534804371831711,1800
user3584471855344408860,2200
user8382677354591551707,2100
user3484110284832303078,2100
user2855818523366464929,2100
user1651466293235330252,1800
user1983807972915500288,1800
user957296116928681432,1800
user1719447830925794046,2100
user719508332890314400,2100
user3605238110252199493,3100
user5602442205665667428,1800
user8254635322399523605,1400
user4141215818124796430,1800
user8426886336891378531,2100
user1447613521651815669,2300
user7994961362429085044,1700
user2040302206422077811,2200
user587215177287948182,2000
user6877907175873323119,1700
user929054122909864463,1700
user528606003636019750,2000
user2958189803413592834,1700
user8530047709964186553,1900
user1802172777089412214,2300
user3848831997334115102,1900
user5229686365367442821,1600
user4441520682104377244,1700
user1941278872152094808,1600
user2117999325272129733,2100
user991572774677832446,2300
user8368837123751590547,2500
user339153423404606775,2100
user6366946846318854931,1700
user8142101585288180221,2100
user2392073476594669902,1600
user4980286375241978635,2200
user28137959144367820,1500
user5374038602961533544,2400
user3606358031276480389,1800
user8964543926300396812,1800
user6656417779941320922,1900
user7032533383312388217,1900
user4349081726607925149,2700
user2595366287666044037,2200
user870444949257936031,2600
user6445090841073534204,1800
user7382624771948558964,2300
user3778392302377247633,2300
user6869654732859068653,2100
user6343609349537147526,2200
user1349150147893973114,1800
user3599432007208650916,2200
user8054908772323136255,1800
user1463351949246040056,2200
user2424670252807399572,2200
user3021703474302630830,2000
user2376553364218287398,2900
user6253523320696770320,2000
user5537808613752348536,2900
user1453419624695364246,3100
user900023607692121578,2100
user3255924997346011077,2100
user6905039494336802777,2300
user429582669366036747,1900
user8359464759713055185,1700
user3337530022485348349,2100
user1587267759930940925,2400
user1935131123814247666,2700
user2181854641455466294,2900
user3906994295081416183,2700
user5633700745636274319,2300
user5552987080834432475,2000
user8987756521178893334,2100
user7245198558422297714,2000
user1745130400366392029,2800
user1290757717633132364,2300
user4678748505630603828,2400
user1277477447305311652,1700
user5849725683819026504,1500
user8164766036950234081,2000
user8393729600166508413,3500
user2415516203986706093,1600
user878479077054348614,2000
user5674674866766469338,2200
user6757120995747725269,2300
user7950079335009604675,2100
user7372910762615725037,1700
user2577274933415744761,2000
user1974093963582666361,2200
user452920166147744152,2100
user2254305617774110087,2100
user6768733201834822423,1900
user4865524613377771245,2600
user1292095953875255143,2000
user2974706506737799552,2200
user8461162994640529545,2100
user6996028700810373197,1900
user9094825800540986706,2200
user8561306249934793444,1700
user6760687256742712054,2000
user554618401075218512,1700
user2040520521639919694,2300
user496009227423290080,2000
user2825896647811226616,2100
user3940151031806286301,2300
user2677636503927850543,1900
user3600551928232931812,2600
user402232035684715206,1500
user5779504304080000918,2100
user8869086853025400594,1800
user9134006955527247284,1700
user1594193783998770398,1700
user8917982017344495099,2200
user8142879861018162552,2100
user6068756922484625026,2200
user7124630693514541747,2200
user8159178249124527387,2100
user6284221900155236763,2500
user5609368229733496901,1600
user458166308679152281,2300
user890309598359287651,1700
user3030527695124723530,2100
user8117209108873262355,2200
user3755614766107680676,2300
user504043355219702663,2400
user8357566562958791958,2100
user3533565409663538031,1800
user7427725114585881216,2100
user4589999141205595200,1700
